Countries;Continent
ES00001;Continent
ES00002;Continent
ES00003;Continent
ES00004;Continent
ES00005;Continent
ES00006;Continent
ES00007;Continent
ES00008;Continent
ES00009;Continent
ES00010;Continent
ES00011;Continent
ES00012;Continent
ES00013;Continent
ES00014;Continent
ES00015;Continent
ES00016;Continent
ES00017;Continent
ES00018;Continent
ES00019;Continent
ES00020;Continent
ES00021;Continent
ES00022;Continent
ES00023;Continent
ES00024;Continent
ES00025;Continent
ES00026;Continent
ES00027;Continent
ES00028;Continent
ES00029;Continent
ES00030;Continent
ES00031;Continent
ES00032;Continent
ES00033;Continent
ES00034;Continent
ES00035;Continent
ES00036;Continent
ES00037;Continent
ES00038;Continent
ES00039;Continent
ES00040;Continent
ES00041;Continent
ES00042;Continent
ES00043;Continent
ES00044;Continent
ES00045;Continent
ES00046;Continent
ES00047;Continent
ES00048;Continent
ES00049;Continent
ES00050;Continent
ES00051;Continent
ES00052;Continent
ES00053;Continent
ES00054;Continent
ES00055;Continent
ES00056;Continent
ES00057;Continent
ES00058;Continent
ES00059;Continent
ES00060;Continent
ES00061;Continent
ES00062;Continent
ES00063;Continent
ES00064;Continent
ES00065;Continent
ES00066;Continent
ES00067;Continent
ES00068;Continent
ES00069;Continent
ES00070;Continent
ES00071;Continent
ES00072;Continent
ES00073;Continent
ES00074;Continent
ES00075;Continent
ES00076;Continent
ES00077;Continent
ES00078;Continent
ES00079;Continent
ES00080;Continent
ES00081;Continent
ES00082;Continent
ES00083;Continent
ES00084;Continent
ES00085;Continent
ES00086;Continent
ES00087;Continent
ES00088;Continent
ES00089;Continent
ES00090;Continent
ES00091;Continent
ES00092;Continent
ES00093;Continent
ES00094;Continent
ES00095;Continent
ES00096;Continent
ES00097;Continent
ES00098;Continent
ES00099;Continent
ES00100;Continent
ES00101;Continent
ES00102;Continent
ES00103;Continent
ES00104;Continent
ES00105;Continent
ES00106;Continent
ES00107;Continent
ES00108;Continent
ES00109;Continent
ES00110;Continent
ES00111;Continent
ES00112;Continent
ES00113;Continent
ES00114;Continent
ES00115;Continent
ES00116;Continent
ES00117;Continent
ES00118;Continent
ES00119;Continent
ES00120;Continent
ES00121;Continent
ES00122;Continent
ES00123;Continent
ES00124;Continent
ES00125;Continent
ES00126;Continent
ES00127;Continent
ES00128;Continent
ES00129;Continent
ES00130;Continent
ES00131;Continent
ES00132;Continent
ES00134;Continent
ES00135;Continent
ES00136;Continent
ES00137;Continent
ES00140;Continent
ES00141;Continent
ES00142;Continent
ES00143;Continent
ES00144;Continent
ES00145;Continent
ES00146;Continent
ES00147;Continent
ES00148;Continent
ES00149;Continent
ES00150;Continent
ES00151;Continent
ES00152;Continent
ES00153;Continent
ES00154;Continent
ES00155;Continent
ES00156;Continent
ES00157;Continent
ES00158;Continent
ES00159;Continent
ES00160;Continent
ES00161;Continent
ES00162;Continent
ES00163;Continent
ES00164;Continent
ES00165;Continent
ES00166;Continent
ES00167;Continent
ES00168;Continent
ES00169;Continent
ES00170;Continent
ES00171;Continent
ES00172;Continent
ES00173;Continent
ES00174;Continent
ES00175;Continent
ES00176;Continent
ES00177;Continent
ES00178;Continent
ES00179;Continent
ES00180;Continent
ES00181;Continent
ES00182;Continent
ES00183;Continent
ES00184;Continent
ES00185;Continent
ES00186;Continent
ES00187;Continent
ES00188;Continent
ES00189;Continent
ES00190;Continent
ES00191;Continent
ES00192;Continent
ES00193;Continent
ES00194;Continent
ES00195;Continent
ES00196;Continent
ES00197;Continent
ES00198;Continent
ES00199;Continent
ES00200;Continent
ES00201;Continent
ES00202;Continent
ES00203;Continent
ES00204;Continent
ES00205;Continent
ES00206;Continent
ES00207;Continent
ES00208;Continent
ES00209;Continent
ES00210;Continent
ES00211;Continent
ES00212;Continent
ES00213;Continent
ES00214;Continent
ES00215;Continent
ES00216;Continent
ES00217;Continent
ES00218;Continent
ES00219;Continent
ES00220;Continent
ES00221;Continent
ES00222;Continent
ES00223;Continent
ES00224;Continent
ES00225;Continent
ES00226;Continent
ES00227;Continent
ES00228;Continent
ES00229;Continent
ES00230;Continent
ES00231;Continent
ES00232;Continent
ES00233;Continent
ES00234;Continent
ES00235;Continent
ES00236;Continent
ES00237;Continent
ES00238;Continent
ES00239;Continent
ES00240;Continent
ES00241;Continent
ES00242;Continent
ES00243;Continent
ES00244;Continent
ES00245;Continent
ES00246;Continent
ES00247;Continent
ES00248;Continent
ES00249;Continent
ES00250;Continent
ES00251;Continent
ES00252;Continent
ES00253;Continent
ES00254;Continent
ES00255;Continent
ES00256;Continent
ES00257;Continent
ES00258;Continent
ES00259;Continent
ES00260;Continent
ES00261;Continent
ES00262;Continent
ES00263;Continent
ES00264;Continent
ES00265;Continent
ES00266;Continent
ES00267;Continent
ES00268;Continent
ES00269;Continent
ES00270;Continent
ES00271;Continent
ES00272;Continent
ES00273;Continent
ES00274;Continent
ES00275;Continent
ES00276;Continent
ES00277;Continent
ES00278;Continent
ES00279;Continent
ES00280;Continent
ES00281;Continent
ES00282;Continent
ES00283;Continent
ES00284;Continent
ES00285;Continent
ES00286;Continent
ES00287;Continent
ES00288;Continent
ES00289;Continent
ES00290;Continent
ES00291;Continent
ES00292;Continent
ES00293;Continent
ES00294;Continent
ES00295;Continent
ES00296;Continent
ES00297;Continent
ES00298;Continent
ES00299;Continent
ES00300;Continent
ES00301;Continent
ES00302;Continent
ES00303;Continent
ES00304;Continent
ES00305;Continent
ES00306;Continent
ES00307;Continent
ES00308;Continent
ES00309;Continent
ES00310;Continent
ES00311;Continent
ES00312;Continent
ES00313;Continent
ES00314;Continent
ES00315;Continent
ES00316;Continent
ES00317;Continent
ES00318;Continent
ES00319;Continent
ES00320;Continent
ES00321;Continent
ES00322;Continent
ES00323;Continent
ES00324;Continent
ES00325;Continent
ES00326;Continent
ES00327;Continent
ES00328;Continent
ES00329;Continent
ES00330;Continent
ES00331;Continent
ES00332;Continent
ES00333;Continent
ES00334;Continent
ES00335;Continent
ES00336;Continent
ES00337;Continent
ES00338;Continent
ES00339;Continent
ES00340;Continent
ES00341;Continent
ES00342;Continent
ES00343;Continent
ES00344;Continent
ES00345;Continent
ES00346;Continent
ES00347;Continent
ES00348;Continent
ES00349;Continent
ES00350;Continent
ES00351;Continent
ES00352;Continent
ES00353;Continent
ES00354;Continent
ES00355;Continent
ES00356;Continent
ES00357;Continent
ES00358;Continent
ES00359;Continent
ES00360;Continent
ES00361;Continent
ES00362;Continent
ES00363;Continent
ES00364;Continent
ES00365;Continent
ES00366;Continent
ES00367;Continent
ES00368;Continent
ES00369;Continent
ES00370;Continent
ES00371;Continent
ES00372;Continent
ES00373;Continent
ES00374;Continent
ES00375;Continent
ES00376;Continent
ES00377;Continent
ES00378;Continent
ES00379;Continent
ES00380;Continent
ES00381;Continent
ES00382;Continent
ES00383;Continent
ES00384;Continent
ES00385;Continent
ES00386;Continent
ES00387;Continent
ES00388;Continent
ES00389;Continent
ES00390;Continent
ES00391;Continent
ES00392;Continent
ES00393;Continent
ES00394;Continent
ES00395;Continent
ES00396;Continent
ES00397;Continent
ES00398;Continent
ES00399;Continent
ES00400;Continent
ES00401;Continent
ES00402;Continent
ES00403;Continent
ES00404;Continent
ES00405;Continent
ES00406;Continent
ES00407;Continent
ES00408;Continent
ES00409;Continent
ES00410;Continent
ES00411;Continent
ES00412;Continent
ES00413;Continent
ES00414;Continent
ES00415;Continent
ES00416;Continent
ES00417;Continent
ES00418;Continent
ES00419;Continent
ES00420;Continent
ES00421;Continent
ES00422;Continent
ES00423;Continent
ES00424;Continent
ES00425;Continent
ES00426;Continent
ES00427;Continent
ES00428;Continent
ES00429;Continent
ES00430;Continent
ES00431;Continent
ES00432;Continent
ES00433;Continent
ES00434;Continent
ES00435;Continent
ES00436;Continent
ES00437;Continent
ES00438;Continent
ES00439;Continent
ES00440;Continent
ES00441;Continent
ES00442;Continent
ES00443;Continent
ES00444;Continent
ES00445;Continent
ES00446;Continent
ES00447;Continent
ES00448;Continent
ES00449;Continent
ES00450;Continent
ES00451;Continent
ES00452;Continent
ES00453;Continent
ES00454;Continent
ES00455;Continent
ES00456;Continent
ES00457;Continent
ES00458;Continent
ES00459;Continent
ES00460;Continent
ES00461;Continent
ES00462;Continent
ES00463;Continent
ES00464;Continent
ES00465;Continent
ES00466;Continent
ES00467;Continent
ES00468;Continent
ES00469;Continent
ES00470;Continent
ES00471;Continent
ES00472;Continent
ES00473;Continent
ES00474;Continent
ES00475;Continent
ES00476;Continent
ES00477;Continent
ES00478;Continent
ES00479;Continent
ES00480;Continent
ES00481;Continent
ES00482;Continent
ES00483;Continent
ES00484;Continent
ES00485;Continent
ES00486;Continent
ES00487;Continent
ES00488;Continent
ES00489;Continent
ES00490;Continent
ES00491;Continent
ES00492;Continent
ES00493;Continent
ES00494;Continent
ES00495;Continent
ES00496;Continent
ES00497;Continent
ES00498;Continent
ES00499;Continent
ES00500;Continent
ES00501;Continent
ES00502;Continent
ES00503;Continent
ES00504;Continent
ES00505;Continent
ES00506;Continent
ES00507;Continent
ES00508;Continent
ES00509;Continent
ES00510;Continent
ES00511;Continent
ES00512;Continent
ES00513;Continent
ES00514;Continent
ES00515;Continent
ES00516;Continent
ES00517;Continent
ES00518;Continent
ES00519;Continent
ES00520;Continent
ES00521;Continent
ES00522;Continent
ES00523;Continent
ES00524;Continent
ES00525;Continent
ES00526;Continent
ES00527;Continent
ES00530;Continent
ES00531;Continent
ES00532;Continent
ES00533;Continent
ES00534;Continent
ES00535;Continent
ES00536;Continent
ES00537;Continent
ES00538;Continent
ES00539;Continent
ES00540;Continent
ES00541;Continent
ES00542;Continent
ES00543;Continent
ES00544;Continent
ES00545;Continent
ES00546;Continent
ES00547;Continent
ES00548;Continent
ES00549;Continent
ES00550;Continent
ES00551;Continent
ES00552;Continent
ES00553;Continent
ES00554;Continent
ES00555;Continent
ES00556;Continent
ES00557;Continent
ES00558;Continent
ES00559;Continent
ES00560;Continent
ES00561;Continent
ES00562;Continent
ES00563;Continent
ES00564;Continent
ES00565;Continent
ES00566;Continent
ES00567;Continent
ES00568;Continent
ES00569;Continent
ES00570;Continent
ES00571;Continent
ES00572;Continent
ES00573;Continent
ES00574;Continent
ES00575;Continent
ES00576;Continent
ES00577;Continent
ES00578;Continent
ES00579;Continent
ES00580;Continent
ES00581;Continent
ES00582;Continent
ES00583;Continent
ES00584;Continent
ES00585;Continent
ES00586;Continent
ES00587;Continent
ES00588;Continent
ES00589;Continent
ES00590;Continent
ES00591;Continent
ES00592;Continent
ES00593;Continent
ES00594;Continent
ES00595;Continent
ES00596;Continent
ES00597;Continent
ES00598;Continent
ES00599;Continent
ES00600;Continent
ES00601;Continent
ES00602;Continent
ES00603;Continent
ES00604;Continent
ES00605;Continent
ES00606;Continent
ES00607;Continent
ES00608;Continent
ES00609;Continent
ES00610;Continent
ES00611;Continent
ES00612;Continent
ES00613;Continent
ES00614;Continent
ES00615;Continent
ES00616;Continent
ES00617;Continent
ES00618;Continent
ES00619;Continent
ES00620;Continent
ES00621;Continent
ES00622;Continent
ES00623;Continent
ES00624;Continent
ES00625;Continent
ES00626;Continent
ES00628;Continent
ES00629;Continent
ES00630;Continent
ES00631;Continent
ES00632;Continent
ES00633;Continent
ES00634;Continent
ES00635;Continent
ES00636;Continent
ES00637;Continent
ES00638;Continent
ES00639;Continent
ES00640;Continent
ES00641;Continent
ES00642;Continent
ES00643;Continent
ES00644;Continent
ES00645;Continent
ES00646;Continent
ES00647;Continent
ES00648;Continent
ES00649;Continent
ES00650;Continent
ES00651;Continent
ES00652;Continent
ES00653;Continent
ES00654;Continent
ES00655;Continent
ES00656;Continent
ES00657;Continent
ES00658;Continent
ES00659;Continent
ES00660;Continent
ES00661;Continent
ES00662;Continent
ES00663;Continent
ES00664;Continent
ES00665;Continent
ES00666;Continent
ES00667;Continent
ES00668;Continent
ES00669;Continent
ES00671;Continent
ES00672;Continent
ES00673;Continent
ES00674;Continent
ES00675;Continent
ES00676;Continent
ES00677;Continent
ES00678;Continent
ES00679;Continent
ES00680;Continent
ES00681;Continent
ES00682;Continent
ES00683;Continent
ES00684;Continent
ES00685;Continent
ES00686;Continent
ES00687;Continent
ES00688;Continent
ES00689;Continent
ES00690;Continent
ES00691;Continent
ES00692;Continent
ES00693;Continent
ES00694;Continent
ES00695;Continent
ES00696;Continent
ES00697;Continent
ES00698;Continent
ES00699;Continent
ES00700;Continent
ES00701;Continent
ES00702;Continent
ES00703;Continent
ES00704;Continent
ES00705;Continent
ES00706;Continent
ES00707;Continent
ES00708;Continent
ES00709;Continent
ES00710;Continent
ES00711;Continent
ES00712;Continent
ES00713;Continent
ES00714;Continent
ES00715;Continent
ES00716;Continent
ES00718;Continent
ES00719;Continent
ES00720;Continent
ES00722;Continent
ES00723;Continent
ES00724;Continent
ES00725;Continent
ES00726;Continent
ES00727;Continent
ES00728;Continent
ES00729;Continent
ES00730;Continent
ES00731;Continent
ES00732;Continent
ES00733;Continent
ES00734;Continent
ES00735;Continent
ES00736;Continent
ES00737;Continent
ES00738;Continent
ES00739;Continent
ES00740;Continent
ES00741;Continent
ES00742;Continent
ES00743;Continent
ES00744;Continent
ES00745;Continent
ES00746;Continent
ES00747;Continent
ES00748;Continent
ES00749;Continent
ES00750;Continent
ES00751;Continent
ES00752;Continent
ES00753;Continent
ES00754;Continent
ES00755;Continent
ES00756;Continent
ES00757;Continent
ES00758;Continent
ES00759;Continent
ES00760;Continent
ES00761;Continent
ES00762;Continent
ES00763;Continent
ES00764;Continent
ES00765;Continent
ES00766;Continent
ES00767;Continent
ES00768;Continent
ES00769;Continent
ES00770;Continent
ES00771;Continent
ES00772;Continent
ES00773;Continent
ES00774;Continent
ES00775;Continent
ES00776;Continent
ES00777;Continent
ES00778;Continent
ES00779;Continent
ES00780;Continent
ES00781;Continent
ES00782;Continent
ES00783;Continent
ES00784;Continent
ES00785;Continent
ES00786;Continent
ES00787;Continent
ES00788;Continent
ES00789;Continent
ES00790;Continent
ES00791;Continent
ES00792;Continent
ES00793;Continent
ES00794;Continent
ES00795;Continent
ES00796;Continent
ES00797;Continent
ES00798;Continent
ES00799;Continent
ES00800;Continent
ES00801;Continent
ES00802;Continent
ES00803;Continent
ES00804;Continent
ES00805;Continent
ES00806;Continent
ES00807;Continent
ES00808;Continent
ES00809;Continent
ES00810;Continent
ES00811;Continent
ES00812;Continent
ES00813;Continent
ES00814;Continent
ES00815;Continent
ES00816;Continent
ES00817;Continent
ES00818;Continent
ES00819;Continent
ES00820;Continent
ES00821;Continent
ES00822;Continent
ES00823;Continent
ES00824;Continent
ES00825;Continent
ES00826;Continent
ES00827;Continent
ES00828;Continent
ES00829;Continent
ES00830;Continent
ES00831;Continent
ES00832;Continent
ES00833;Continent
ES00834;Continent
ES00835;Continent
ES00836;Continent
ES00837;Continent
ES00838;Continent
ES00839;Continent
ES00840;Continent
ES00841;Continent
ES00842;Continent
ES00843;Continent
ES00844;Continent
ES00845;Continent
ES00846;Continent
ES00847;Continent
ES00848;Continent
ES00849;Continent
ES00850;Continent
ES00851;Continent
ES00852;Continent
ES00853;Continent
ES00854;Continent
ES00855;Continent
ES00856;Continent
ES00857;Continent
ES00858;Continent
ES00859;Continent
ES00860;Continent
ES00861;Continent
ES00862;Continent
ES00863;Continent
ES00864;Continent
ES00865;Continent
ES00866;Continent
ES00867;Continent
ES00868;Continent
ES00869;Continent
ES00870;Continent
ES00871;Continent
ES00872;Continent
ES00873;Continent
ES00874;Continent
ES00875;Continent
ES00876;Continent
ES00877;Continent
ES00878;Continent
ES00879;Continent
ES00880;Continent
ES00881;Continent
ES00882;Continent
ES00883;Continent
ES00884;Continent
ES00885;Continent
ES00886;Continent
ES00887;Continent
ES00888;Continent
ES00889;Continent
ES00890;Continent
ES00891;Continent
ES00892;Continent
ES00893;Continent
ES00894;Continent
ES00895;Continent
ES00896;Continent
ES00897;Continent
ES00898;Continent
ES00899;Continent
ES00900;Continent
ES00901;Continent
ES00902;Continent
ES00903;Continent
ES00904;Continent
ES00905;Continent
ES00906;Continent
ES00907;Continent
ES00908;Continent
ES00909;Continent
ES00910;Continent
ES00911;Continent
ES00914;Continent
ES00915;Continent
ES00916;Continent
ES00917;Continent
ES00918;Continent
ES00919;Continent
ES00920;Continent
ES00921;Continent
ES00922;Continent
ES00923;Continent
ES00924;Continent
ES00925;Continent
ES00926;Continent
ES00927;Continent
ES00928;Continent
ES00929;Continent
ES00930;Continent
ES00931;Continent
ES00932;Continent
ES00933;Continent
ES00934;Continent
ES00935;Continent
ES00936;Continent
ES00937;Continent
ES00938;Continent
ES00939;Continent
ES00940;Continent
ES00941;Continent
ES00942;Continent
ES00943;Continent
ES00944;Continent
ES00945;Continent
ES00946;Continent
ES00947;Continent
ES00948;Continent
ES00949;Continent
ES00950;Continent
ES00951;Continent
ES00952;Continent
ES00953;Continent
ES00954;Continent
ES00955;Continent
ES00956;Continent
ES00957;Continent
ES00958;Continent
ES00959;Continent
ES00960;Continent
ES00961;Continent
ES00962;Continent
ES00963;Continent
ES00964;Continent
ES00965;Continent
ES00966;Continent
ES00967;Continent
ES00968;Continent
ES00969;Continent
ES00970;Continent
ES00971;Continent
ES00972;Continent
ES00973;Continent
ES00974;Continent
ES00975;Continent
ES00976;Continent
ES00977;Continent
ES00978;Continent
ES00979;Continent
ES00980;Continent
ES00981;Continent
ES00982;Continent
ES00983;Continent
ES00984;Continent
ES00985;Continent
ES00986;Continent
ES00987;Continent
ES00988;Continent
ES00989;Continent
ES00991;Continent
ES00994;Continent
ES00995;Continent
ES00996;Continent
ES00997;Continent
ES00998;Continent
ES00999;Continent
ES01000;Continent
ES01001;Continent
ES01002;Continent
ES01003;Continent
ES01004;Continent
ES01005;Continent
ES01006;Continent
ES01007;Continent
ES01008;Continent
ES01009;Continent
ES01010;Continent
ES01011;Continent
ES01012;Continent
ES01013;Continent
ES01014;Continent
ES01015;Continent
ES01016;Continent
ES01017;Continent
ES01018;Continent
ES01019;Continent
ES01020;Continent
ES01021;Continent
ES01022;Continent
ES01023;Continent
ES01024;Continent
ES01025;Continent
ES01026;Continent
ES01027;Continent
ES01028;Continent
ES01029;Continent
ES01030;Continent
ES01031;Continent
ES01032;Continent
ES01033;Continent
ES01034;Continent
ES01035;Continent
ES01036;Continent
ES01037;Continent
ES01038;Continent
ES01039;Continent
ES01040;Continent
ES01041;Continent
ES01042;Continent
ES01043;Continent
ES01044;Continent
ES01045;Continent
ES01046;Continent
ES01047;Continent
ES01048;Continent
ES01049;Continent
ES01050;Continent
ES01051;Continent
ES01052;Continent
ES01053;Continent
ES01054;Continent
ES01055;Continent
ES01056;Continent
ES01057;Continent
ES01058;Continent
ES01059;Continent
ES01060;Continent
ES01061;Continent
ES01062;Continent
ES01063;Continent
ES01064;Continent
ES01065;Continent
ES01066;Continent
ES01067;Continent
ES01068;Continent
ES01069;Continent
ES01070;Continent
ES01071;Continent
ES01073;Continent
ES01074;Continent
ES01075;Continent
ES01076;Continent
ES01077;Continent
ES01078;Continent
ES01079;Continent
ES01080;Continent
ES01081;Continent
ES01082;Continent
ES01083;Continent
ES01084;Continent
ES01085;Continent
ES01086;Continent
ES01088;Continent
ES01089;Continent
ES01090;Continent
ES01091;Continent
ES01092;Continent
ES01093;Continent
ES01094;Continent
ES01095;Continent
ES01096;Continent
ES01097;Continent
ES01100;Continent
ES01101;Continent
ES01102;Continent
ES01103;Continent
ES01104;Continent
ES01105;Continent
ES01106;Continent
ES01107;Continent
ES01108;Continent
ES01109;Continent
ES01110;Continent
ES01111;Continent
ES01112;Continent
ES01113;Continent
ES01114;Continent
ES01115;Continent
ES01116;Continent
ES01117;Continent
ES01118;Continent
ES01119;Continent
ES01120;Continent
ES01121;Continent
ES01122;Continent
ES01123;Continent
ES01124;Continent
ES01125;Continent
ES01126;Continent
ES01127;Continent
ES01128;Continent
ES01129;Continent
ES01130;Continent
ES01131;Continent
ES01132;Continent
ES01133;Continent
ES01134;Continent
ES01135;Continent
ES01136;Continent
ES01137;Continent
ES01140;Continent
ES01141;Continent
ES01142;Continent
ES01143;Continent
ES01144;Continent
ES01145;Continent
ES01146;Continent
ES01147;Continent
ES01148;Continent
ES01149;Continent
ES01150;Continent
ES01151;Continent
ES01152;Continent
ES01153;Continent
ES01154;Continent
ES01155;Continent
ES01156;Continent
ES01157;Continent
ES01158;Continent
ES01159;Continent
ES01160;Continent
ES01161;Continent
ES01162;Continent
ES01163;Continent
ES01164;Continent
ES01165;Continent
ES01166;Continent
ES01167;Continent
ES01168;Continent
ES01169;Continent
ES01170;Continent
ES01171;Continent
ES01172;Continent
ES01173;Continent
ES01174;Continent
ES01175;Continent
ES01176;Continent
ES01177;Continent
ES01178;Continent
ES01179;Continent
ES01180;Continent
ES01181;Continent
ES01182;Continent
ES01183;Continent
ES01184;Continent
ES01185;Continent
ES01186;Continent
ES01187;Continent
ES01188;Continent
ES01189;Continent
ES01190;Continent
ES01191;Continent
ES01192;Continent
ES01193;Continent
ES01194;Continent
ES01195;Continent
ES01196;Continent
ES01197;Continent
ES01198;Continent
ES01199;Continent
ES01200;Continent
ES01201;Continent
ES01202;Continent
ES01203;Continent
ES01204;Continent
ES01205;Continent
ES01206;Continent
ES01207;Continent
ES01208;Continent
ES01209;Continent
ES01210;Continent
ES01211;Continent
ES01212;Continent
ES01213;Continent
ES01214;Continent
ES01215;Continent
ES01216;Continent
ES01217;Continent
ES01218;Continent
ES01219;Continent
ES01220;Continent
ES01221;Continent
ES01222;Continent
ES01223;Continent
ES01225;Continent
ES01226;Continent
ES01227;Continent
ES01228;Continent
ES01229;Continent
ES01230;Continent
ES01231;Continent
ES01232;Continent
ES01233;Continent
ES01234;Continent
ES01235;Continent
ES01236;Continent
ES01237;Continent
ES01238;Continent
ES01239;Continent
ES01240;Continent
ES01243;Continent
ES01244;Continent
ES01245;Continent
ES01246;Continent
ES01247;Continent
ES01248;Continent
ES01249;Continent
ES01250;Continent
ES01251;Continent
ES01252;Continent
ES01253;Continent
ES01254;Continent
ES01255;Continent
ES01256;Continent
ES01257;Continent
ES01258;Continent
ES01259;Continent
