Type;Zone;value;Profile_Timeserie
Total;ES00001;425839.5799552345;Profile-Iberia.csv
Total;ES00002;420026.67305863847;Profile-Iberia.csv
Total;ES00003;825556.0753966274;Profile-Iberia.csv
Total;ES00004;825556.0753966274;Profile-Iberia.csv
Total;ES00005;887460.1483966864;Profile-Iberia.csv
Total;ES00006;123543.48796014549;Profile-Iberia.csv
Total;ES00007;123543.48796014549;Profile-Iberia.csv
Total;ES00008;21418.144752695276;Profile-Iberia.csv
Total;ES00009;21418.144752695276;Profile-Iberia.csv
Total;ES00010;940.4597364262962;Profile-Iberia.csv
Total;ES00011;166847.4941223755;Profile-Iberia.csv
Total;ES00012;166847.4941223755;Profile-Iberia.csv
Total;ES00013;53668.513271168486;Profile-Iberia.csv
Total;ES00014;53668.513271168486;Profile-Iberia.csv
Total;ES00015;928957.5144412825;Profile-Iberia.csv
Total;ES00016;61205.94028005149;Profile-Iberia.csv
Total;ES00017;76115.18180792549;Profile-Iberia.csv
Total;ES00018;22531.951871568584;Profile-Iberia.csv
Total;ES00019;22531.951871568584;Profile-Iberia.csv
Total;ES00020;574172.7854909475;Profile-Iberia.csv
Total;ES00021;574172.7854909475;Profile-Iberia.csv
Total;ES00022;1.3627991039152143e6;Profile-Iberia.csv
Total;ES00023;709377.3125116584;Profile-Iberia.csv
Total;ES00024;254971.1809744935;Profile-Iberia.csv
Total;ES00025;318.0617109282748;Profile-Iberia.csv
Total;ES00026;78980.0033872175;Profile-Iberia.csv
Total;ES00027;142561.70346029848;Profile-Iberia.csv
Total;ES00028;73199.3497517745;Profile-Iberia.csv
Total;ES00029;73199.3497517745;Profile-Iberia.csv
Total;ES00030;4925.053227666761;Profile-Iberia.csv
Total;ES00031;4925.053227666761;Profile-Iberia.csv
Total;ES00032;73914.4114139325;Profile-Iberia.csv
Total;ES00033;73914.4114139325;Profile-Iberia.csv
Total;ES00034;43435.765863946486;Profile-Iberia.csv
Total;ES00035;43435.765863946486;Profile-Iberia.csv
Total;ES00036;13532.099974387691;Profile-Iberia.csv
Total;ES00037;5856.27602280892;Profile-Iberia.csv
Total;ES00038;30096.64053858448;Profile-Iberia.csv
Total;ES00039;30096.64053858448;Profile-Iberia.csv
Total;ES00040;22668.935047863622;Profile-Iberia.csv
Total;ES00041;22668.935047863622;Profile-Iberia.csv
Total;ES00042;6318.343824525827;Profile-Iberia.csv
Total;ES00043;6318.343824525827;Profile-Iberia.csv
Total;ES00044;17712.50471177297;Profile-Iberia.csv
Total;ES00045;109659.94588624348;Profile-Iberia.csv
Total;ES00046;109659.94588624348;Profile-Iberia.csv
Total;ES00047;268169.6271820605;Profile-Iberia.csv
Total;ES00048;3.2859146686874847e6;Profile-Iberia.csv
Total;ES00049;1503.3515454093701;Profile-Iberia.csv
Total;ES00050;1503.3515454093701;Profile-Iberia.csv
Total;ES00051;112228.3119587675;Profile-Iberia.csv
Total;ES00052;807918.3452231295;Profile-Iberia.csv
Total;ES00053;807918.3452231295;Profile-Iberia.csv
Total;ES00054;34389.75546992848;Profile-Iberia.csv
Total;ES00055;34389.75546992848;Profile-Iberia.csv
Total;ES00056;22640.496205510324;Profile-Iberia.csv
Total;ES00057;103901.25191796849;Profile-Iberia.csv
Total;ES00058;103901.25191796849;Profile-Iberia.csv
Total;ES00059;25506.61260740649;Profile-Iberia.csv
Total;ES00060;390.42125540637284;Profile-Iberia.csv
Total;ES00061;390.42125540637284;Profile-Iberia.csv
Total;ES00062;77215.68137818848;Profile-Iberia.csv
Total;ES00063;5832.832618497751;Profile-Iberia.csv
Total;ES00064;5832.832618497751;Profile-Iberia.csv
Total;ES00065;18040.44965187185;Profile-Iberia.csv
Total;ES00066;18040.44965187185;Profile-Iberia.csv
Total;ES00067;618.7343856615793;Profile-Iberia.csv
Total;ES00068;454.6823176293577;Profile-Iberia.csv
Total;ES00069;915.7073180067108;Profile-Iberia.csv
Total;ES00070;84373.16039575849;Profile-Iberia.csv
Total;ES00071;84373.16039575849;Profile-Iberia.csv
Total;ES00072;87869.09365959749;Profile-Iberia.csv
Total;ES00073;32449.298630489488;Profile-Iberia.csv
Total;ES00074;32449.298630489488;Profile-Iberia.csv
Total;ES00075;15494.1415632425;Profile-Iberia.csv
Total;ES00076;3583.7854119560734;Profile-Iberia.csv
Total;ES00077;3.7098289411616083e6;Profile-Iberia.csv
Total;ES00078;3.7098289411616083e6;Profile-Iberia.csv
Total;ES00079;3015.8809630122882;Profile-Iberia.csv
Total;ES00080;1379.7685618044543;Profile-Iberia.csv
Total;ES00081;20939.888795944968;Profile-Iberia.csv
Total;ES00082;20939.888795944968;Profile-Iberia.csv
Total;ES00083;753603.1672018785;Profile-Iberia.csv
Total;ES00084;2814.9535526148156;Profile-Iberia.csv
Total;ES00085;6526.817353049717;Profile-Iberia.csv
Total;ES00086;182847.85661265947;Profile-Iberia.csv
Total;ES00087;87772.5626226715;Profile-Iberia.csv
Total;ES00088;152996.66280269247;Profile-Iberia.csv
Total;ES00089;152996.66280269247;Profile-Iberia.csv
Total;ES00090;231034.6862683075;Profile-Iberia.csv
Total;ES00091;231034.6862683075;Profile-Iberia.csv
Total;ES00092;231034.6862683075;Profile-Iberia.csv
Total;ES00093;46428.228008652484;Profile-Iberia.csv
Total;ES00094;7553.239961120146;Profile-Iberia.csv
Total;ES00095;537519.1272826265;Profile-Iberia.csv
Total;ES00096;1672.9377843896682;Profile-Iberia.csv
Total;ES00097;85703.32148515349;Profile-Iberia.csv
Total;ES00098;85703.32148515349;Profile-Iberia.csv
Total;ES00099;531.5424321376955;Profile-Iberia.csv
Total;ES00100;675630.3364981684;Profile-Iberia.csv
Total;ES00101;93470.18126663548;Profile-Iberia.csv
Total;ES00102;309067.9060567295;Profile-Iberia.csv
Total;ES00103;9054.226680806421;Profile-Iberia.csv
Total;ES00104;9054.226680806421;Profile-Iberia.csv
Total;ES00105;210726.56906856748;Profile-Iberia.csv
Total;ES00106;329218.6456417655;Profile-Iberia.csv
Total;ES00107;1194.2150821581386;Profile-Iberia.csv
Total;ES00108;7357.128880268753;Profile-Iberia.csv
Total;ES00109;1173.4034676010963;Profile-Iberia.csv
Total;ES00110;1173.4034676010963;Profile-Iberia.csv
Total;ES00111;676.0893454965637;Profile-Iberia.csv
Total;ES00112;4967.42583503915;Profile-Iberia.csv
Total;ES00113;16021.722205806138;Profile-Iberia.csv
Total;ES00114;16021.722205806138;Profile-Iberia.csv
Total;ES00115;16021.722205806138;Profile-Iberia.csv
Total;ES00116;30323.099606254484;Profile-Iberia.csv
Total;ES00117;122328.61512338248;Profile-Iberia.csv
Total;ES00118;122328.61512338248;Profile-Iberia.csv
Total;ES00119;291949.8880062075;Profile-Iberia.csv
Total;ES00120;513762.88484444446;Profile-Iberia.csv
Total;ES00121;513762.88484444446;Profile-Iberia.csv
Total;ES00122;513762.88484444446;Profile-Iberia.csv
Total;ES00123;52494.128570746485;Profile-Iberia.csv
Total;ES00124;52494.128570746485;Profile-Iberia.csv
Total;ES00125;118490.9345392415;Profile-Iberia.csv
Total;ES00126;118490.9345392415;Profile-Iberia.csv
Total;ES00127;2595.164704301906;Profile-Iberia.csv
Total;ES00128;2595.164704301906;Profile-Iberia.csv
Total;ES00129;3209.048534438946;Profile-Iberia.csv
Total;ES00130;3209.048534438946;Profile-Iberia.csv
Total;ES00131;99597.38589957349;Profile-Iberia.csv
Total;ES00132;2880.878614056055;Profile-Iberia.csv
Total;ES00134;26891.901611254485;Profile-Iberia.csv
Total;ES00135;26891.901611254485;Profile-Iberia.csv
Total;ES00136;35424.376038687486;Profile-Iberia.csv
Total;ES00137;35424.376038687486;Profile-Iberia.csv
Total;ES00140;384.37519697244795;Profile-Iberia.csv
Total;ES00141;438.2604770891972;Profile-Iberia.csv
Total;ES00142;8985.369786396332;Profile-Iberia.csv
Total;ES00143;14933.27801719979;Profile-Iberia.csv
Total;ES00144;343238.9781424015;Profile-Iberia.csv
Total;ES00145;257720.2568080875;Profile-Iberia.csv
Total;ES00146;257720.2568080875;Profile-Iberia.csv
Total;ES00147;80584.6603162125;Profile-Iberia.csv
Total;ES00148;80584.6603162125;Profile-Iberia.csv
Total;ES00149;27511.118476085485;Profile-Iberia.csv
Total;ES00150;27511.118476085485;Profile-Iberia.csv
Total;ES00151;10548.094098530648;Profile-Iberia.csv
Total;ES00152;13569.169385705061;Profile-Iberia.csv
Total;ES00153;13569.169385705061;Profile-Iberia.csv
Total;ES00154;4049.663074423052;Profile-Iberia.csv
Total;ES00155;6800.069356748171;Profile-Iberia.csv
Total;ES00156;130034.17083402048;Profile-Iberia.csv
Total;ES00157;130034.17083402048;Profile-Iberia.csv
Total;ES00158;86859.8639560015;Profile-Iberia.csv
Total;ES00159;86859.8639560015;Profile-Iberia.csv
Total;ES00160;1234.3196422281594;Profile-Iberia.csv
Total;ES00161;2599.2199791337907;Profile-Iberia.csv
Total;ES00162;424107.05371429253;Profile-Iberia.csv
Total;ES00163;424107.05371429253;Profile-Iberia.csv
Total;ES00164;103715.0522401065;Profile-Iberia.csv
Total;ES00165;103715.0522401065;Profile-Iberia.csv
Total;ES00166;1997.9698657605256;Profile-Iberia.csv
Total;ES00167;17181.773094184424;Profile-Iberia.csv
Total;ES00168;17181.773094184424;Profile-Iberia.csv
Total;ES00169;59989.92371062349;Profile-Iberia.csv
Total;ES00170;47752.44168818949;Profile-Iberia.csv
Total;ES00171;47752.44168818949;Profile-Iberia.csv
Total;ES00172;449434.78483418445;Profile-Iberia.csv
Total;ES00173;102338.9130975785;Profile-Iberia.csv
Total;ES00174;102338.9130975785;Profile-Iberia.csv
Total;ES00175;1257.375846921725;Profile-Iberia.csv
Total;ES00176;1257.375846921725;Profile-Iberia.csv
Total;ES00177;121613.78220775748;Profile-Iberia.csv
Total;ES00178;29270.179314855483;Profile-Iberia.csv
Total;ES00179;29270.179314855483;Profile-Iberia.csv
Total;ES00180;42626.68937672548;Profile-Iberia.csv
Total;ES00181;42626.68937672548;Profile-Iberia.csv
Total;ES00182;29441.967961138485;Profile-Iberia.csv
Total;ES00183;26190.564741076487;Profile-Iberia.csv
Total;ES00184;26190.564741076487;Profile-Iberia.csv
Total;ES00185;21048.88183940447;Profile-Iberia.csv
Total;ES00186;21048.88183940447;Profile-Iberia.csv
Total;ES00187;457426.7312041384;Profile-Iberia.csv
Total;ES00188;457426.7312041384;Profile-Iberia.csv
Total;ES00189;364039.3578811575;Profile-Iberia.csv
Total;ES00190;364039.3578811575;Profile-Iberia.csv
Total;ES00191;11765.902575963957;Profile-Iberia.csv
Total;ES00192;55745.53179080848;Profile-Iberia.csv
Total;ES00193;12550.195939475543;Profile-Iberia.csv
Total;ES00194;12550.195939475543;Profile-Iberia.csv
Total;ES00195;8027.84202121763;Profile-Iberia.csv
Total;ES00196;8027.84202121763;Profile-Iberia.csv
Total;ES00197;30735.300858720482;Profile-Iberia.csv
Total;ES00198;16686.271012078178;Profile-Iberia.csv
Total;ES00199;20704.14115154346;Profile-Iberia.csv
Total;ES00200;6170.454004398375;Profile-Iberia.csv
Total;ES00201;915453.9203586935;Profile-Iberia.csv
Total;ES00202;263515.3214751095;Profile-Iberia.csv
Total;ES00203;263515.3214751095;Profile-Iberia.csv
Total;ES00204;40322.754296349485;Profile-Iberia.csv
Total;ES00205;77200.58410701048;Profile-Iberia.csv
Total;ES00206;77200.58410701048;Profile-Iberia.csv
Total;ES00207;129670.46384655048;Profile-Iberia.csv
Total;ES00208;129670.46384655048;Profile-Iberia.csv
Total;ES00209;402115.3620316725;Profile-Iberia.csv
Total;ES00210;15229.8800135623;Profile-Iberia.csv
Total;ES00211;15229.8800135623;Profile-Iberia.csv
Total;ES00212;316440.6355618525;Profile-Iberia.csv
Total;ES00213;1966.0474779006627;Profile-Iberia.csv
Total;ES00214;6802.39380550265;Profile-Iberia.csv
Total;ES00215;409446.23092125653;Profile-Iberia.csv
Total;ES00216;69019.6931007985;Profile-Iberia.csv
Total;ES00217;12389.44200108865;Profile-Iberia.csv
Total;ES00218;145551.1919000755;Profile-Iberia.csv
Total;ES00219;13233.928328740665;Profile-Iberia.csv
Total;ES00220;96409.57421568548;Profile-Iberia.csv
Total;ES00221;96409.57421568548;Profile-Iberia.csv
Total;ES00222;1.3450204658773884e6;Profile-Iberia.csv
Total;ES00223;107205.72433368649;Profile-Iberia.csv
Total;ES00224;107205.72433368649;Profile-Iberia.csv
Total;ES00225;3257.2691696384654;Profile-Iberia.csv
Total;ES00226;3257.2691696384654;Profile-Iberia.csv
Total;ES00227;670.8367647927397;Profile-Iberia.csv
Total;ES00228;241055.38563943852;Profile-Iberia.csv
Total;ES00229;241055.38563943852;Profile-Iberia.csv
Total;ES00230;5863.6951594775455;Profile-Iberia.csv
Total;ES00231;773.3054321470969;Profile-Iberia.csv
Total;ES00232;100937.15434335449;Profile-Iberia.csv
Total;ES00233;321842.71368518047;Profile-Iberia.csv
Total;ES00234;180120.9691927665;Profile-Iberia.csv
Total;ES00235;491001.91857134545;Profile-Iberia.csv
Total;ES00236;491001.91857134545;Profile-Iberia.csv
Total;ES00237;98587.2412098455;Profile-Iberia.csv
Total;ES00238;98587.2412098455;Profile-Iberia.csv
Total;ES00239;31078.64940475348;Profile-Iberia.csv
Total;ES00240;45023.49554949949;Profile-Iberia.csv
Total;ES00241;21891.992013337203;Profile-Iberia.csv
Total;ES00242;79759.57157168149;Profile-Iberia.csv
Total;ES00243;32256.007810104486;Profile-Iberia.csv
Total;ES00244;32256.007810104486;Profile-Iberia.csv
Total;ES00245;10785.107804361262;Profile-Iberia.csv
Total;ES00246;10785.107804361262;Profile-Iberia.csv
Total;ES00247;894764.2539419095;Profile-Iberia.csv
Total;ES00248;894764.2539419095;Profile-Iberia.csv
Total;ES00249;213367.9052851185;Profile-Iberia.csv
Total;ES00250;213367.9052851185;Profile-Iberia.csv
Total;ES00251;213367.9052851185;Profile-Iberia.csv
Total;ES00252;140207.67288919547;Profile-Iberia.csv
Total;ES00253;140207.67288919547;Profile-Iberia.csv
Total;ES00254;85685.02176251348;Profile-Iberia.csv
Total;ES00255;85685.02176251348;Profile-Iberia.csv
Total;ES00256;170892.64781194748;Profile-Iberia.csv
Total;ES00257;170892.64781194748;Profile-Iberia.csv
Total;ES00258;143340.58540516347;Profile-Iberia.csv
Total;ES00259;143340.58540516347;Profile-Iberia.csv
Total;ES00260;78592.96425338149;Profile-Iberia.csv
Total;ES00261;78592.96425338149;Profile-Iberia.csv
Total;ES00262;355703.8342186375;Profile-Iberia.csv
Total;ES00263;355703.8342186375;Profile-Iberia.csv
Total;ES00264;355703.8342186375;Profile-Iberia.csv
Total;ES00265;11479.132989492558;Profile-Iberia.csv
Total;ES00266;184533.71856086949;Profile-Iberia.csv
Total;ES00267;513231.5066482854;Profile-Iberia.csv
Total;ES00268;66930.09352184349;Profile-Iberia.csv
Total;ES00269;66930.09352184349;Profile-Iberia.csv
Total;ES00270;66930.09352184349;Profile-Iberia.csv
Total;ES00271;16461.15728286359;Profile-Iberia.csv
Total;ES00272;78694.52771403348;Profile-Iberia.csv
Total;ES00273;248702.6109841615;Profile-Iberia.csv
Total;ES00274;6301.33289636066;Profile-Iberia.csv
Total;ES00275;616931.2311719725;Profile-Iberia.csv
Total;ES00276;616931.2311719725;Profile-Iberia.csv
Total;ES00277;1.0;exp_load_ES00277.csv
Total;ES00278;8110.587225875139;Profile-Iberia.csv
Total;ES00279;22631.525351253822;Profile-Iberia.csv
Total;ES00280;22631.525351253822;Profile-Iberia.csv
Total;ES00281;176545.4321354435;Profile-Iberia.csv
Total;ES00282;57749.58016642149;Profile-Iberia.csv
Total;ES00283;57749.58016642149;Profile-Iberia.csv
Total;ES00284;765.706248698827;Profile-Iberia.csv
Total;ES00285;22517.963477412217;Profile-Iberia.csv
Total;ES00286;75151.9301574625;Profile-Iberia.csv
Total;ES00287;217573.4102943235;Profile-Iberia.csv
Total;ES00288;46469.40238459248;Profile-Iberia.csv
Total;ES00289;43609.61322902648;Profile-Iberia.csv
Total;ES00290;39648.409517065484;Profile-Iberia.csv
Total;ES00291;129770.1973349385;Profile-Iberia.csv
Total;ES00292;117987.0059270425;Profile-Iberia.csv
Total;ES00293;7704.646062535319;Profile-Iberia.csv
Total;ES00294;11335.073880929265;Profile-Iberia.csv
Total;ES00295;11335.073880929265;Profile-Iberia.csv
Total;ES00296;74464.08933273148;Profile-Iberia.csv
Total;ES00297;74464.08933273148;Profile-Iberia.csv
Total;ES00298;570752.7960760645;Profile-Iberia.csv
Total;ES00299;1.6971990855772544e6;Profile-Iberia.csv
Total;ES00300;2101.4960342783684;Profile-Iberia.csv
Total;ES00301;2101.4960342783684;Profile-Iberia.csv
Total;ES00302;125808.99362297749;Profile-Iberia.csv
Total;ES00303;125808.99362297749;Profile-Iberia.csv
Total;ES00304;2397.588228236443;Profile-Iberia.csv
Total;ES00305;59518.0196130445;Profile-Iberia.csv
Total;ES00306;86323.91082918248;Profile-Iberia.csv
Total;ES00307;202921.50861607448;Profile-Iberia.csv
Total;ES00308;84234.76874329349;Profile-Iberia.csv
Total;ES00309;931.7904891990547;Profile-Iberia.csv
Total;ES00310;83129.92298890349;Profile-Iberia.csv
Total;ES00311;385590.7124877525;Profile-Iberia.csv
Total;ES00312;432575.70785901847;Profile-Iberia.csv
Total;ES00313;26586.753736232487;Profile-Iberia.csv
Total;ES00314;49413.82775736848;Profile-Iberia.csv
Total;ES00315;257732.8378674025;Profile-Iberia.csv
Total;ES00316;57991.36525180249;Profile-Iberia.csv
Total;ES00317;45199.85912644248;Profile-Iberia.csv
Total;ES00318;10637.056181916494;Profile-Iberia.csv
Total;ES00319;9487.827700082185;Profile-Iberia.csv
Total;ES00320;302222.89480323746;Profile-Iberia.csv
Total;ES00321;24774.852448339487;Profile-Iberia.csv
Total;ES00322;9606.422960449227;Profile-Iberia.csv
Total;ES00323;27586.60483197549;Profile-Iberia.csv
Total;ES00324;1142.2201368465653;Profile-Iberia.csv
Total;ES00325;22383.594159172815;Profile-Iberia.csv
Total;ES00326;22383.594159172815;Profile-Iberia.csv
Total;ES00327;8370.84625328309;Profile-Iberia.csv
Total;ES00328;25965.478152604486;Profile-Iberia.csv
Total;ES00329;53016.58565211848;Profile-Iberia.csv
Total;ES00330;53016.58565211848;Profile-Iberia.csv
Total;ES00331;12773.109490787601;Profile-Iberia.csv
Total;ES00332;47322.39820614948;Profile-Iberia.csv
Total;ES00333;118337.6743621315;Profile-Iberia.csv
Total;ES00334;20619.58693025992;Profile-Iberia.csv
Total;ES00335;125494.0096470365;Profile-Iberia.csv
Total;ES00336;4664.388860432946;Profile-Iberia.csv
Total;ES00337;4664.388860432946;Profile-Iberia.csv
Total;ES00338;535934.6000485355;Profile-Iberia.csv
Total;ES00339;30992.411961812482;Profile-Iberia.csv
Total;ES00340;286296.87493617844;Profile-Iberia.csv
Total;ES00341;43808.622712736484;Profile-Iberia.csv
Total;ES00342;528864.7309531044;Profile-Iberia.csv
Total;ES00343;25356.783628291487;Profile-Iberia.csv
Total;ES00344;73168.0114767535;Profile-Iberia.csv
Total;ES00345;1.3724785134591095e6;Profile-Iberia.csv
Total;ES00346;34533.63703918549;Profile-Iberia.csv
Total;ES00347;592629.8857456514;Profile-Iberia.csv
Total;ES00348;592629.8857456514;Profile-Iberia.csv
Total;ES00349;101000.05963992949;Profile-Iberia.csv
Total;ES00350;19610.085591844654;Profile-Iberia.csv
Total;ES00351;172280.45302765848;Profile-Iberia.csv
Total;ES00352;551151.7344098274;Profile-Iberia.csv
Total;ES00353;26175.924962964487;Profile-Iberia.csv
Total;ES00354;3262.86365156629;Profile-Iberia.csv
Total;ES00355;59598.995885726494;Profile-Iberia.csv
Total;ES00356;83153.02638873649;Profile-Iberia.csv
Total;ES00357;52603.698160053485;Profile-Iberia.csv
Total;ES00358;29242.958477428485;Profile-Iberia.csv
Total;ES00359;12699.577843859091;Profile-Iberia.csv
Total;ES00360;5631.341610595492;Profile-Iberia.csv
Total;ES00361;13632.761032541768;Profile-Iberia.csv
Total;ES00362;13632.761032541768;Profile-Iberia.csv
Total;ES00363;5422.116201715607;Profile-Iberia.csv
Total;ES00364;133124.0790017845;Profile-Iberia.csv
Total;ES00365;557.6414482580888;Profile-Iberia.csv
Total;ES00366;3957.6163216010987;Profile-Iberia.csv
Total;ES00367;74168.54881209548;Profile-Iberia.csv
Total;ES00368;589198.9164971844;Profile-Iberia.csv
Total;ES00369;20655.768930917522;Profile-Iberia.csv
Total;ES00370;20655.768930917522;Profile-Iberia.csv
Total;ES00371;13980.872880026105;Profile-Iberia.csv
Total;ES00372;13980.872880026105;Profile-Iberia.csv
Total;ES00373;9195.707794715929;Profile-Iberia.csv
Total;ES00374;9195.707794715929;Profile-Iberia.csv
Total;ES00375;86872.67376184948;Profile-Iberia.csv
Total;ES00376;86872.67376184948;Profile-Iberia.csv
Total;ES00377;214.93789796352868;Profile-Iberia.csv
Total;ES00378;48942.60989938848;Profile-Iberia.csv
Total;ES00379;48942.60989938848;Profile-Iberia.csv
Total;ES00380;7211.204040860912;Profile-Iberia.csv
Total;ES00381;10668.745249166717;Profile-Iberia.csv
Total;ES00382;45214.95639762049;Profile-Iberia.csv
Total;ES00383;28716.155211929483;Profile-Iberia.csv
Total;ES00384;14769.454004946647;Profile-Iberia.csv
Total;ES00385;2906.593923070203;Profile-Iberia.csv
Total;ES00386;2906.593923070203;Profile-Iberia.csv
Total;ES00387;41675.10379944548;Profile-Iberia.csv
Total;ES00388;92816.42367532148;Profile-Iberia.csv
Total;ES00389;12748.015953049551;Profile-Iberia.csv
Total;ES00390;32021.085120713484;Profile-Iberia.csv
Total;ES00391;171948.08431520947;Profile-Iberia.csv
Total;ES00392;171948.08431520947;Profile-Iberia.csv
Total;ES00393;3165.933638085039;Profile-Iberia.csv
Total;ES00394;124274.7906261465;Profile-Iberia.csv
Total;ES00395;802.067462115714;Profile-Iberia.csv
Total;ES00396;21607.204922260706;Profile-Iberia.csv
Total;ES00397;21607.204922260706;Profile-Iberia.csv
Total;ES00398;96033.74366196648;Profile-Iberia.csv
Total;ES00399;111768.76017397048;Profile-Iberia.csv
Total;ES00400;1005.3382955084832;Profile-Iberia.csv
Total;ES00401;197684.81423610548;Profile-Iberia.csv
Total;ES00402;102648.40715672748;Profile-Iberia.csv
Total;ES00403;3675.868445194539;Profile-Iberia.csv
Total;ES00404;11189.702839143589;Profile-Iberia.csv
Total;ES00405;27265.444699643485;Profile-Iberia.csv
Total;ES00406;1842.87275323558;Profile-Iberia.csv
Total;ES00407;2159.073055283385;Profile-Iberia.csv
Total;ES00408;388.88475891626297;Profile-Iberia.csv
Total;ES00409;388.88475891626297;Profile-Iberia.csv
Total;ES00410;464628.35830257746;Profile-Iberia.csv
Total;ES00411;131397.9576637665;Profile-Iberia.csv
Total;ES00412;132229.9088042875;Profile-Iberia.csv
Total;ES00413;4432.293027613015;Profile-Iberia.csv
Total;ES00414;2968.9228446057678;Profile-Iberia.csv
Total;ES00415;2968.9228446057678;Profile-Iberia.csv
Total;ES00416;585.5533384093222;Profile-Iberia.csv
Total;ES00417;678.6965834171034;Profile-Iberia.csv
Total;ES00418;230826.06943021147;Profile-Iberia.csv
Total;ES00419;230826.06943021147;Profile-Iberia.csv
Total;ES00420;54215.446231571485;Profile-Iberia.csv
Total;ES00421;157496.79334640148;Profile-Iberia.csv
Total;ES00422;387609.8581345435;Profile-Iberia.csv
Total;ES00423;20842.905821386732;Profile-Iberia.csv
Total;ES00424;7572.3810084524985;Profile-Iberia.csv
Total;ES00425;445.1022547157373;Profile-Iberia.csv
Total;ES00426;2833.068531385919;Profile-Iberia.csv
Total;ES00427;272703.6122126535;Profile-Iberia.csv
Total;ES00428;866759.7308928515;Profile-Iberia.csv
Total;ES00429;7480.308817637358;Profile-Iberia.csv
Total;ES00430;13728.799048196352;Profile-Iberia.csv
Total;ES00431;13728.799048196352;Profile-Iberia.csv
Total;ES00432;8923.086736651763;Profile-Iberia.csv
Total;ES00433;59607.00201438149;Profile-Iberia.csv
Total;ES00434;5027.24265049345;Profile-Iberia.csv
Total;ES00435;38709.40499910048;Profile-Iberia.csv
Total;ES00436;38709.40499910048;Profile-Iberia.csv
Total;ES00437;27072.153879258487;Profile-Iberia.csv
Total;ES00438;1.5053646943678656e6;Profile-Iberia.csv
Total;ES00439;5090.644137905677;Profile-Iberia.csv
Total;ES00440;17136.993885850057;Profile-Iberia.csv
Total;ES00441;2403.281960039323;Profile-Iberia.csv
Total;ES00442;2403.281960039323;Profile-Iberia.csv
Total;ES00443;557.2093672631601;Profile-Iberia.csv
Total;ES00444;557.2093672631601;Profile-Iberia.csv
Total;ES00445;15360.352731666157;Profile-Iberia.csv
Total;ES00446;59754.77227469949;Profile-Iberia.csv
Total;ES00447;335740.4380441285;Profile-Iberia.csv
Total;ES00448;583810.5631658364;Profile-Iberia.csv
Total;ES00449;1.1505195763328185e6;Profile-Iberia.csv
Total;ES00450;16691.27520745918;Profile-Iberia.csv
Total;ES00451;13722.874080865242;Profile-Iberia.csv
Total;ES00452;4686.073290067692;Profile-Iberia.csv
Total;ES00453;9068.775544844137;Profile-Iberia.csv
Total;ES00454;145674.02878829648;Profile-Iberia.csv
Total;ES00455;204091.0896393035;Profile-Iberia.csv
Total;ES00456;8278.448789768188;Profile-Iberia.csv
Total;ES00457;184.0586372371876;Profile-Iberia.csv
Total;ES00458;12246.917512442198;Profile-Iberia.csv
Total;ES00459;21403.148847203924;Profile-Iberia.csv
Total;ES00460;3283.268466740485;Profile-Iberia.csv
Total;ES00461;181588.8356950275;Profile-Iberia.csv
Total;ES00462;646.9709229881556;Profile-Iberia.csv
Total;ES00463;2297.476589033574;Profile-Iberia.csv
Total;ES00464;3293.8700631632896;Profile-Iberia.csv
Total;ES00465;267.90119417660395;Profile-Iberia.csv
Total;ES00466;5163.375947605789;Profile-Iberia.csv
Total;ES00467;7586.165898662043;Profile-Iberia.csv
Total;ES00468;52138.42771193149;Profile-Iberia.csv
Total;ES00469;52399.42750608449;Profile-Iberia.csv
Total;ES00470;251215.16290263348;Profile-Iberia.csv
Total;ES00471;251215.16290263348;Profile-Iberia.csv
Total;ES00472;147929.24085714348;Profile-Iberia.csv
Total;ES00473;141266.9980835185;Profile-Iberia.csv
Total;ES00474;217404.59535296948;Profile-Iberia.csv
Total;ES00475;68100.36078467149;Profile-Iberia.csv
Total;ES00476;27077.186302984486;Profile-Iberia.csv
Total;ES00477;882062.6452040185;Profile-Iberia.csv
Total;ES00478;87494.86433160948;Profile-Iberia.csv
Total;ES00479;87494.86433160948;Profile-Iberia.csv
Total;ES00480;87479.30956736549;Profile-Iberia.csv
Total;ES00481;5775.6513459441185;Profile-Iberia.csv
Total;ES00482;106692.64586016748;Profile-Iberia.csv
Total;ES00483;106692.64586016748;Profile-Iberia.csv
Total;ES00484;4414.533972238385;Profile-Iberia.csv
Total;ES00485;350495.5044087605;Profile-Iberia.csv
Total;ES00486;350495.5044087605;Profile-Iberia.csv
Total;ES00487;1.0317555201318834e6;Profile-Iberia.csv
Total;ES00488;1.0317555201318834e6;Profile-Iberia.csv
Total;ES00489;1.0317555201318834e6;Profile-Iberia.csv
Total;ES00490;27100.28970281749;Profile-Iberia.csv
Total;ES00491;78613.78018788449;Profile-Iberia.csv
Total;ES00492;4340.262121409769;Profile-Iberia.csv
Total;ES00493;2944.4763076288455;Profile-Iberia.csv
Total;ES00494;28182.48955044048;Profile-Iberia.csv
Total;ES00495;304217.7933175305;Profile-Iberia.csv
Total;ES00496;10576.379478889223;Profile-Iberia.csv
Total;ES00497;10576.379478889223;Profile-Iberia.csv
Total;ES00498;10252.013372520323;Profile-Iberia.csv
Total;ES00499;5649.416347295407;Profile-Iberia.csv
Total;ES00500;5649.416347295407;Profile-Iberia.csv
Total;ES00501;219974.7913977575;Profile-Iberia.csv
Total;ES00502;219974.7913977575;Profile-Iberia.csv
Total;ES00503;495378.52598723443;Profile-Iberia.csv
Total;ES00504;1.4670807596188535e6;Profile-Iberia.csv
Total;ES00505;168536.55852204747;Profile-Iberia.csv
Total;ES00506;6292.56429500429;Profile-Iberia.csv
Total;ES00507;158096.1092628615;Profile-Iberia.csv
Total;ES00508;70406.8120769105;Profile-Iberia.csv
Total;ES00509;70406.8120769105;Profile-Iberia.csv
Total;ES00510;14763.23879428344;Profile-Iberia.csv
Total;ES00511;48809.02192411649;Profile-Iberia.csv
Total;ES00512;80987.0254677595;Profile-Iberia.csv
Total;ES00513;704444.8510205795;Profile-Iberia.csv
Total;ES00514;270446.5701715425;Profile-Iberia.csv
Total;ES00515;207000.2880459975;Profile-Iberia.csv
Total;ES00516;35352.54962732548;Profile-Iberia.csv
Total;ES00517;100038.40921519749;Profile-Iberia.csv
Total;ES00518;80313.5956746075;Profile-Iberia.csv
Total;ES00519;1222.8781750139108;Profile-Iberia.csv
Total;ES00520;823128.8459349644;Profile-Iberia.csv
Total;ES00521;3.5458437804726856e6;Profile-Iberia.csv
Total;ES00522;6479.048554991472;Profile-Iberia.csv
Total;ES00523;4519.903978245986;Profile-Iberia.csv
Total;ES00524;28797.360231144485;Profile-Iberia.csv
Total;ES00525;37315.881120064485;Profile-Iberia.csv
Total;ES00526;25775.389783681487;Profile-Iberia.csv
Total;ES00527;24494.409198881487;Profile-Iberia.csv
Total;ES00530;15133.60763475737;Profile-Iberia.csv
Total;ES00531;10243.508742470303;Profile-Iberia.csv
Total;ES00532;2093.6261030091714;Profile-Iberia.csv
Total;ES00533;214582.77812188148;Profile-Iberia.csv
Total;ES00534;6196.850718016904;Profile-Iberia.csv
Total;ES00535;93511.3556425755;Profile-Iberia.csv
Total;ES00536;94465.4574317185;Profile-Iberia.csv
Total;ES00537;11607.985182325532;Profile-Iberia.csv
Total;ES00538;48439.596273321484;Profile-Iberia.csv
Total;ES00539;40710.70841631748;Profile-Iberia.csv
Total;ES00540;182837.79176520748;Profile-Iberia.csv
Total;ES00541;3285.098334184806;Profile-Iberia.csv
Total;ES00542;3160.193408966742;Profile-Iberia.csv
Total;ES00543;5540.441652548354;Profile-Iberia.csv
Total;ES00544;18415.130440682402;Profile-Iberia.csv
Total;ES00545;6234.0798465701855;Profile-Iberia.csv
Total;ES00546;28650.047463892486;Profile-Iberia.csv
Total;ES00547;28650.047463892486;Profile-Iberia.csv
Total;ES00548;6434.15550121218;Profile-Iberia.csv
Total;ES00549;11652.715182738659;Profile-Iberia.csv
Total;ES00550;21570.6359304782;Profile-Iberia.csv
Total;ES00551;123003.8748887985;Profile-Iberia.csv
Total;ES00552;4535.773532848004;Profile-Iberia.csv
Total;ES00553;3485.8660273463684;Profile-Iberia.csv
Total;ES00554;850904.8511975554;Profile-Iberia.csv
Total;ES00555;99067.8376756785;Profile-Iberia.csv
Total;ES00556;17655.70709419854;Profile-Iberia.csv
Total;ES00557;561333.4713401904;Profile-Iberia.csv
Total;ES00558;45378.967661781484;Profile-Iberia.csv
Total;ES00559;45378.967661781484;Profile-Iberia.csv
Total;ES00560;7855.3657551507295;Profile-Iberia.csv
Total;ES00561;61965.15002307849;Profile-Iberia.csv
Total;ES00562;12101.70577087615;Profile-Iberia.csv
Total;ES00563;18017.93244072245;Profile-Iberia.csv
Total;ES00564;6998.990293306;Profile-Iberia.csv
Total;ES00565;3251.712844700421;Profile-Iberia.csv
Total;ES00566;1.2602742215850155e6;Profile-Iberia.csv
Total;ES00567;1.2602742215850155e6;Profile-Iberia.csv
Total;ES00568;1.9388023174645195e6;Profile-Iberia.csv
Total;ES00569;1.9388023174645195e6;Profile-Iberia.csv
Total;ES00570;193875.9557151225;Profile-Iberia.csv
Total;ES00571;5854.356913880306;Profile-Iberia.csv
Total;ES00572;5854.356913880306;Profile-Iberia.csv
Total;ES00573;107939.5432115505;Profile-Iberia.csv
Total;ES00574;14671.174943793932;Profile-Iberia.csv
Total;ES00575;45866.19777707149;Profile-Iberia.csv
Total;ES00576;19441.199001944147;Profile-Iberia.csv
Total;ES00577;741821.5770197135;Profile-Iberia.csv
Total;ES00578;741821.5770197135;Profile-Iberia.csv
Total;ES00579;4272.646267454171;Profile-Iberia.csv
Total;ES00580;16426.006146442272;Profile-Iberia.csv
Total;ES00581;20693.508904425722;Profile-Iberia.csv
Total;ES00582;159107.8551783205;Profile-Iberia.csv
Total;ES00583;754498.4811320405;Profile-Iberia.csv
Total;ES00584;754498.4811320405;Profile-Iberia.csv
Total;ES00585;58075.3152294135;Profile-Iberia.csv
Total;ES00586;677382.0774478824;Profile-Iberia.csv
Total;ES00587;23037.065037138487;Profile-Iberia.csv
Total;ES00588;1.0537675702559403e6;Profile-Iberia.csv
Total;ES00589;113291.06835108549;Profile-Iberia.csv
Total;ES00590;729646.0853077224;Profile-Iberia.csv
Total;ES00591;738770.3270160265;Profile-Iberia.csv
Total;ES00592;1.4171026158632825e6;Profile-Iberia.csv
Total;ES00593;850894.1001105044;Profile-Iberia.csv
Total;ES00594;259673.98094644045;Profile-Iberia.csv
Total;ES00595;6031.356138539073;Profile-Iberia.csv
Total;ES00596;1111.2017360314658;Profile-Iberia.csv
Total;ES00597;7608.992535892503;Profile-Iberia.csv
Total;ES00598;2404.9614931140736;Profile-Iberia.csv
Total;ES00599;45926.129368717484;Profile-Iberia.csv
Total;ES00600;350077.35574643646;Profile-Iberia.csv
Total;ES00601;19949.802067553537;Profile-Iberia.csv
Total;ES00602;19949.802067553537;Profile-Iberia.csv
Total;ES00603;1.2769102706905066e6;Profile-Iberia.csv
Total;ES00604;1.2769102706905066e6;Profile-Iberia.csv
Total;ES00605;88261.62271022549;Profile-Iberia.csv
Total;ES00606;101586.33700400848;Profile-Iberia.csv
Total;ES00607;714631.1628816024;Profile-Iberia.csv
Total;ES00608;1.1841723087747125e6;Profile-Iberia.csv
Total;ES00609;29463.241388707487;Profile-Iberia.csv
Total;ES00610;3342.2168457880384;Profile-Iberia.csv
Total;ES00611;29482.68484401248;Profile-Iberia.csv
Total;ES00612;29482.68484401248;Profile-Iberia.csv
Total;ES00613;124632.77895029148;Profile-Iberia.csv
Total;ES00614;57040.00842105549;Profile-Iberia.csv
Total;ES00615;1429.3234405974356;Profile-Iberia.csv
Total;ES00616;1.7016667341132774e6;Profile-Iberia.csv
Total;ES00617;2.4221326250026003e6;Profile-Iberia.csv
Total;ES00618;2.4868625194483954e6;Profile-Iberia.csv
Total;ES00619;37272.419278794485;Profile-Iberia.csv
Total;ES00620;12554.703051448696;Profile-Iberia.csv
Total;ES00621;681.6517171706934;Profile-Iberia.csv
Total;ES00622;1090.344249683431;Profile-Iberia.csv
Total;ES00623;12175.108142757319;Profile-Iberia.csv
Total;ES00624;47683.58898175649;Profile-Iberia.csv
Total;ES00625;47683.58898175649;Profile-Iberia.csv
Total;ES00626;30006.51440458248;Profile-Iberia.csv
Total;ES00628;549.0267780367212;Profile-Iberia.csv
Total;ES00629;928.7318832805553;Profile-Iberia.csv
Total;ES00630;929.5936474267929;Profile-Iberia.csv
Total;ES00631;7778.2319215804555;Profile-Iberia.csv
Total;ES00632;265038.0871452905;Profile-Iberia.csv
Total;ES00633;13565.042592580856;Profile-Iberia.csv
Total;ES00634;4.119139698650761e6;Profile-Iberia.csv
Total;ES00635;4.119139698650761e6;Profile-Iberia.csv
Total;ES00636;3.5583573114760076e6;Profile-Iberia.csv
Total;ES00637;3.5583573114760076e6;Profile-Iberia.csv
Total;ES00638;1.9951217726079163e6;Profile-Iberia.csv
Total;ES00639;5108.429882322337;Profile-Iberia.csv
Total;ES00640;1624.9577675847179;Profile-Iberia.csv
Total;ES00641;1727.2306979218295;Profile-Iberia.csv
Total;ES00642;15711.904129442379;Profile-Iberia.csv
Total;ES00643;23622.427415085487;Profile-Iberia.csv
Total;ES00644;23622.427415085487;Profile-Iberia.csv
Total;ES00645;26761.973580510486;Profile-Iberia.csv
Total;ES00646;10876.270065649625;Profile-Iberia.csv
Total;ES00647;10876.270065649625;Profile-Iberia.csv
Total;ES00648;3859.616244340875;Profile-Iberia.csv
Total;ES00649;397.87959160548144;Profile-Iberia.csv
Total;ES00650;12907.263628626757;Profile-Iberia.csv
Total;ES00651;12907.263628626757;Profile-Iberia.csv
Total;ES00652;6581.137476894261;Profile-Iberia.csv
Total;ES00653;1479.2934590988991;Profile-Iberia.csv
Total;ES00654;443655.9611710055;Profile-Iberia.csv
Total;ES00655;124229.95630567848;Profile-Iberia.csv
Total;ES00656;28801.935161804482;Profile-Iberia.csv
Total;ES00657;2189.961242764506;Profile-Iberia.csv
Total;ES00658;6272.98037638072;Profile-Iberia.csv
Total;ES00659;8001.624207583971;Profile-Iberia.csv
Total;ES00660;8001.624207583971;Profile-Iberia.csv
Total;ES00661;289531.3509127985;Profile-Iberia.csv
Total;ES00662;490.0291389408862;Profile-Iberia.csv
Total;ES00663;162.11027539136916;Profile-Iberia.csv
Total;ES00664;364.49201703968737;Profile-Iberia.csv
Total;ES00665;346.89035924790176;Profile-Iberia.csv
Total;ES00666;292.0558197563001;Profile-Iberia.csv
Total;ES00667;323.31291026566583;Profile-Iberia.csv
Total;ES00668;313.4864949836017;Profile-Iberia.csv
Total;ES00669;1359.6497155454701;Profile-Iberia.csv
Total;ES00671;531.4066933379858;Profile-Iberia.csv
Total;ES00672;407.5838993075457;Profile-Iberia.csv
Total;ES00673;6358.934521326299;Profile-Iberia.csv
Total;ES00674;5307.403362931667;Profile-Iberia.csv
Total;ES00675;1216.705291503298;Profile-Iberia.csv
Total;ES00676;391.2828631715047;Profile-Iberia.csv
Total;ES00677;866.9588444485645;Profile-Iberia.csv
Total;ES00678;761.7465227224999;Profile-Iberia.csv
Total;ES00679;499.7055847426259;Profile-Iberia.csv
Total;ES00680;857.0068030116231;Profile-Iberia.csv
Total;ES00681;211308.95774158547;Profile-Iberia.csv
Total;ES00682;471727.73570076545;Profile-Iberia.csv
Total;ES00683;370140.9429023995;Profile-Iberia.csv
Total;ES00684;9985.630878031145;Profile-Iberia.csv
Total;ES00685;9985.630878031145;Profile-Iberia.csv
Total;ES00686;466430.4234895514;Profile-Iberia.csv
Total;ES00687;14210.972455905297;Profile-Iberia.csv
Total;ES00688;14210.972455905297;Profile-Iberia.csv
Total;ES00689;4986.601077706607;Profile-Iberia.csv
Total;ES00690;4986.601077706607;Profile-Iberia.csv
Total;ES00691;1786.9010364071623;Profile-Iberia.csv
Total;ES00692;1582.0677472607445;Profile-Iberia.csv
Total;ES00693;1582.0677472607445;Profile-Iberia.csv
Total;ES00694;209.56444769679078;Profile-Iberia.csv
Total;ES00695;256.8571956058985;Profile-Iberia.csv
Total;ES00696;16083.715846251169;Profile-Iberia.csv
Total;ES00697;9171.79524708779;Profile-Iberia.csv
Total;ES00698;561.3013395278373;Profile-Iberia.csv
Total;ES00699;20040.871751225746;Profile-Iberia.csv
Total;ES00700;1816.4422612982307;Profile-Iberia.csv
Total;ES00701;766.4915946114339;Profile-Iberia.csv
Total;ES00702;2573.8115941030114;Profile-Iberia.csv
Total;ES00703;56974.58691261749;Profile-Iberia.csv
Total;ES00704;170243.69389782648;Profile-Iberia.csv
Total;ES00705;170243.69389782648;Profile-Iberia.csv
Total;ES00706;6129.579736526313;Profile-Iberia.csv
Total;ES00707;299492.11869228346;Profile-Iberia.csv
Total;ES00708;1.2337403099966145e6;Profile-Iberia.csv
Total;ES00709;11561.01747254453;Profile-Iberia.csv
Total;ES00710;796.7856902721672;Profile-Iberia.csv
Total;ES00711;1530.810086735306;Profile-Iberia.csv
Total;ES00712;706.3768731508596;Profile-Iberia.csv
Total;ES00713;2245.563066151011;Profile-Iberia.csv
Total;ES00714;388.12513769553675;Profile-Iberia.csv
Total;ES00715;2880.878614056055;Profile-Iberia.csv
Total;ES00716;904729.3679055213;Profile-Iberia.csv
Total;ES00718;14972.429173795657;Profile-Iberia.csv
Total;ES00719;68976.91749912749;Profile-Iberia.csv
Total;ES00720;60255.727181969494;Profile-Iberia.csv
Total;ES00722;8985.369786396332;Profile-Iberia.csv
Total;ES00723;7950.914193690542;Profile-Iberia.csv
Total;ES00724;731.0331693175017;Profile-Iberia.csv
Total;ES00725;731.0331693175017;Profile-Iberia.csv
Total;ES00726;4492.212012056341;Profile-Iberia.csv
Total;ES00727;402.8652818889854;Profile-Iberia.csv
Total;ES00728;882.3648854534162;Profile-Iberia.csv
Total;ES00729;448.44516148432047;Profile-Iberia.csv
Total;ES00730;1408.3276090979293;Profile-Iberia.csv
Total;ES00731;38480.65846610048;Profile-Iberia.csv
Total;ES00732;4321.491384535611;Profile-Iberia.csv
Total;ES00733;4321.491384535611;Profile-Iberia.csv
Total;ES00734;2318.8595158966145;Profile-Iberia.csv
Total;ES00735;2644.6053206336883;Profile-Iberia.csv
Total;ES00736;1335.4930048843646;Profile-Iberia.csv
Total;ES00737;664.6701365263532;Profile-Iberia.csv
Total;ES00738;336570.7879589185;Profile-Iberia.csv
Total;ES00739;154931.8584718725;Profile-Iberia.csv
Total;ES00740;191536.33617559847;Profile-Iberia.csv
Total;ES00741;244620.6291027765;Profile-Iberia.csv
Total;ES00742;1.0;exp_load_ES00742.csv
Total;ES00743;574906.1468757455;Profile-Iberia.csv
Total;ES00744;574906.1468757455;Profile-Iberia.csv
Total;ES00745;3926.906408580425;Profile-Iberia.csv
Total;ES00746;554.963630331863;Profile-Iberia.csv
Total;ES00747;670.8367647927397;Profile-Iberia.csv
Total;ES00748;462.9351219722362;Profile-Iberia.csv
Total;ES00749;623.5811573962253;Profile-Iberia.csv
Total;ES00750;528.0294348531937;Profile-Iberia.csv
Total;ES00751;60637.04765248049;Profile-Iberia.csv
Total;ES00752;15364.169264676744;Profile-Iberia.csv
Total;ES00753;401.8089796473114;Profile-Iberia.csv
Total;ES00754;4049.663074423052;Profile-Iberia.csv
Total;ES00755;121847.10367141748;Profile-Iberia.csv
Total;ES00756;887460.1483966864;Profile-Iberia.csv
Total;ES00757;6960.909617505387;Profile-Iberia.csv
Total;ES00758;6960.909617505387;Profile-Iberia.csv
Total;ES00759;800.3238649146797;Profile-Iberia.csv
Total;ES00760;28395.223826130485;Profile-Iberia.csv
Total;ES00761;1345.2840259095155;Profile-Iberia.csv
Total;ES00762;7004.705918463672;Profile-Iberia.csv
Total;ES00763;507058.32396221446;Profile-Iberia.csv
Total;ES00764;507058.32396221446;Profile-Iberia.csv
Total;ES00765;36203.944223151484;Profile-Iberia.csv
Total;ES00766;9425.977513238075;Profile-Iberia.csv
Total;ES00767;9425.977513238075;Profile-Iberia.csv
Total;ES00768;413.1537512112293;Profile-Iberia.csv
Total;ES00769;95323.94317006749;Profile-Iberia.csv
Total;ES00770;17162.98901278926;Profile-Iberia.csv
Total;ES00771;4607.924021851356;Profile-Iberia.csv
Total;ES00772;4607.924021851356;Profile-Iberia.csv
Total;ES00773;3642.691463851029;Profile-Iberia.csv
Total;ES00774;3642.691463851029;Profile-Iberia.csv
Total;ES00775;81007.38390919649;Profile-Iberia.csv
Total;ES00776;17021.457022893366;Profile-Iberia.csv
Total;ES00777;8873.6844858179;Profile-Iberia.csv
Total;ES00778;1571.1964455577192;Profile-Iberia.csv
Total;ES00779;4657.7207700877525;Profile-Iberia.csv
Total;ES00780;14741.99431682594;Profile-Iberia.csv
Total;ES00781;510.90398359164965;Profile-Iberia.csv
Total;ES00782;870.2079746807889;Profile-Iberia.csv
Total;ES00783;274.0802286773722;Profile-Iberia.csv
Total;ES00784;1.0077455977886046e6;Profile-Iberia.csv
Total;ES00785;761.431571175708;Profile-Iberia.csv
Total;ES00786;649.4517007212545;Profile-Iberia.csv
Total;ES00787;4082.5060257248797;Profile-Iberia.csv
Total;ES00788;2909.3278818133595;Profile-Iberia.csv
Total;ES00789;1941.4720828926804;Profile-Iberia.csv
Total;ES00790;1226.221186036564;Profile-Iberia.csv
Total;ES00791;6032.889090390786;Profile-Iberia.csv
Total;ES00792;5784.892009731426;Profile-Iberia.csv
Total;ES00793;57116.86725614349;Profile-Iberia.csv
Total;ES00794;6207.305733216672;Profile-Iberia.csv
Total;ES00795;4922.5527980413835;Profile-Iberia.csv
Total;ES00796;7159.756742181346;Profile-Iberia.csv
Total;ES00797;17134.638577890728;Profile-Iberia.csv
Total;ES00798;4102.805961304215;Profile-Iberia.csv
Total;ES00799;7713.298316349082;Profile-Iberia.csv
Total;ES00800;47680.15778376148;Profile-Iberia.csv
Total;ES00801;17512.125052261577;Profile-Iberia.csv
Total;ES00802;8669.65009561325;Profile-Iberia.csv
Total;ES00803;6064.885498640663;Profile-Iberia.csv
Total;ES00804;2489.7313118194797;Profile-Iberia.csv
Total;ES00805;6791.877071893184;Profile-Iberia.csv
Total;ES00806;856.6338340746323;Profile-Iberia.csv
Total;ES00807;3451.0587208493553;Profile-Iberia.csv
Total;ES00808;10151.664242544997;Profile-Iberia.csv
Total;ES00809;6302.203209340672;Profile-Iberia.csv
Total;ES00810;2284.360801448096;Profile-Iberia.csv
Total;ES00811;969.1916369685568;Profile-Iberia.csv
Total;ES00812;11143.579170316852;Profile-Iberia.csv
Total;ES00813;1.0;exp_load_ES00813.csv
Total;ES00814;968.6152162131074;Profile-Iberia.csv
Total;ES00815;18896.49900698035;Profile-Iberia.csv
Total;ES00816;1931.4051013430812;Profile-Iberia.csv
Total;ES00817;1.0;exp_load_ES00817.csv
Total;ES00818;1.0;exp_load_ES00818.csv
Total;ES00819;860.5891813800014;Profile-Iberia.csv
Total;ES00820;84345.2533187325;Profile-Iberia.csv
Total;ES00821;118337.6743621315;Profile-Iberia.csv
Total;ES00822;121796.55068762449;Profile-Iberia.csv
Total;ES00823;30846.929166824484;Profile-Iberia.csv
Total;ES00824;23385.674753430485;Profile-Iberia.csv
Total;ES00825;23385.674753430485;Profile-Iberia.csv
Total;ES00826;12434.346314307548;Profile-Iberia.csv
Total;ES00827;12434.346314307548;Profile-Iberia.csv
Total;ES00828;10240.376116161795;Profile-Iberia.csv
Total;ES00829;37934.182998763485;Profile-Iberia.csv
Total;ES00830;291642.68141238845;Profile-Iberia.csv
Total;ES00831;13595.738327047948;Profile-Iberia.csv
Total;ES00832;7806.4047075429635;Profile-Iberia.csv
Total;ES00833;377962.4731052685;Profile-Iberia.csv
Total;ES00834;64860.852384325495;Profile-Iberia.csv
Total;ES00835;25356.783628291487;Profile-Iberia.csv
Total;ES00836;101000.05963992949;Profile-Iberia.csv
Total;ES00837;71134.4547983835;Profile-Iberia.csv
Total;ES00838;83153.02638873649;Profile-Iberia.csv
Total;ES00839;9085.385303346258;Profile-Iberia.csv
Total;ES00840;8340.912824579034;Profile-Iberia.csv
Total;ES00841;8340.912824579034;Profile-Iberia.csv
Total;ES00842;477.05544965341545;Profile-Iberia.csv
Total;ES00843;10668.745249166717;Profile-Iberia.csv
Total;ES00844;37792.131401770486;Profile-Iberia.csv
Total;ES00845;148790.0140608225;Profile-Iberia.csv
Total;ES00846;649.0400013970963;Profile-Iberia.csv
Total;ES00847;425.48023122942317;Profile-Iberia.csv
Total;ES00848;448.68718730884143;Profile-Iberia.csv
Total;ES00849;3248.095853980658;Profile-Iberia.csv
Total;ES00850;1657.342313738832;Profile-Iberia.csv
Total;ES00851;750.394349119581;Profile-Iberia.csv
Total;ES00852;409.2764380775831;Profile-Iberia.csv
Total;ES00853;20092.27818231181;Profile-Iberia.csv
Total;ES00854;537.3660123853069;Profile-Iberia.csv
Total;ES00855;384.82554849322077;Profile-Iberia.csv
Total;ES00856;585.5533384093222;Profile-Iberia.csv
Total;ES00857;2959.0439373992385;Profile-Iberia.csv
Total;ES00858;1712.2309350294724;Profile-Iberia.csv
Total;ES00859;1.0;exp_load_ES00859.csv
Total;ES00860;9900.719690806223;Profile-Iberia.csv
Total;ES00861;72267.6651228655;Profile-Iberia.csv
Total;ES00862;404.8327647062845;Profile-Iberia.csv
Total;ES00863;881.4212818618847;Profile-Iberia.csv
Total;ES00864;1514.0719914724723;Profile-Iberia.csv
Total;ES00865;212.98988459388377;Profile-Iberia.csv
Total;ES00866;331330.6623809545;Profile-Iberia.csv
Total;ES00867;1742.2266034135785;Profile-Iberia.csv
Total;ES00868;363.8045135721865;Profile-Iberia.csv
Total;ES00869;193875.9557151225;Profile-Iberia.csv
Total;ES00870;940.4597364262962;Profile-Iberia.csv
Total;ES00871;9590.321961810836;Profile-Iberia.csv
Total;ES00872;9283.448020396245;Profile-Iberia.csv
Total;ES00873;34011.40870434648;Profile-Iberia.csv
Total;ES00874;3004.1392440751774;Profile-Iberia.csv
Total;ES00875;335740.4380441285;Profile-Iberia.csv
Total;ES00876;42529.47210020048;Profile-Iberia.csv
Total;ES00877;20655.730565435017;Profile-Iberia.csv
Total;ES00878;1286.3676528615867;Profile-Iberia.csv
Total;ES00879;456.93832358659284;Profile-Iberia.csv
Total;ES00880;477.291168106675;Profile-Iberia.csv
Total;ES00881;402115.3620316725;Profile-Iberia.csv
Total;ES00882;329218.6456417655;Profile-Iberia.csv
Total;ES00883;58631.855544202495;Profile-Iberia.csv
Total;ES00884;2089.7324219864668;Profile-Iberia.csv
Total;ES00885;798.1323401000102;Profile-Iberia.csv
Total;ES00886;209.3573209223488;Profile-Iberia.csv
Total;ES00887;13238.470470081496;Profile-Iberia.csv
Total;ES00888;2549.972858356742;Profile-Iberia.csv
Total;ES00889;1966.0474779006627;Profile-Iberia.csv
Total;ES00890;308.9080732262624;Profile-Iberia.csv
Total;ES00891;9898.636277462598;Profile-Iberia.csv
Total;ES00892;756.6229043038071;Profile-Iberia.csv
Total;ES00893;625.9921370291659;Profile-Iberia.csv
Total;ES00894;925.7388531723608;Profile-Iberia.csv
Total;ES00895;3293.8700631632896;Profile-Iberia.csv
Total;ES00896;596.7723795642926;Profile-Iberia.csv
Total;ES00897;246.0782108822455;Profile-Iberia.csv
Total;ES00898;475.33426707752534;Profile-Iberia.csv
Total;ES00899;1299.8603189116957;Profile-Iberia.csv
Total;ES00900;520523.2598807264;Profile-Iberia.csv
Total;ES00901;258710.04305637846;Profile-Iberia.csv
Total;ES00902;1849.7366327250538;Profile-Iberia.csv
Total;ES00903;1444.8837776265345;Profile-Iberia.csv
Total;ES00904;11481.280623343573;Profile-Iberia.csv
Total;ES00905;1398.4639229856837;Profile-Iberia.csv
Total;ES00906;300289.3003597885;Profile-Iberia.csv
Total;ES00907;5969.340396231102;Profile-Iberia.csv
Total;ES00908;2442.8492988843786;Profile-Iberia.csv
Total;ES00909;10610.101917529264;Profile-Iberia.csv
Total;ES00910;2205.3218289946462;Profile-Iberia.csv
Total;ES00911;221632.51752240848;Profile-Iberia.csv
Total;ES00914;0.0017117012900577083;Profile-Iberia.csv
Total;ES00915;435726.2338580275;Profile-Iberia.csv
Total;ES00916;1715.1216918945674;Profile-Iberia.csv
Total;ES00917;276522.5355810885;Profile-Iberia.csv
Total;ES00918;2073.733383828966;Profile-Iberia.csv
Total;ES00919;17255.72175739469;Profile-Iberia.csv
Total;ES00920;105632.8631727785;Profile-Iberia.csv
Total;ES00921;105632.8631727785;Profile-Iberia.csv
Total;ES00922;199306.6271550755;Profile-Iberia.csv
Total;ES00923;199306.6271550755;Profile-Iberia.csv
Total;ES00924;217404.59535296948;Profile-Iberia.csv
Total;ES00925;109930.09554171648;Profile-Iberia.csv
Total;ES00926;15182.335153247357;Profile-Iberia.csv
Total;ES00927;724.6586584346627;Profile-Iberia.csv
Total;ES00928;22857.771696694846;Profile-Iberia.csv
Total;ES00929;2229.8192419579427;Profile-Iberia.csv
Total;ES00930;78613.78018788449;Profile-Iberia.csv
Total;ES00931;7084.255944370408;Profile-Iberia.csv
Total;ES00932;4767.4269113929995;Profile-Iberia.csv
Total;ES00933;279162.4993184415;Profile-Iberia.csv
Total;ES00934;11021.159036613595;Profile-Iberia.csv
Total;ES00935;284016.0432556355;Profile-Iberia.csv
Total;ES00936;69030.44418784948;Profile-Iberia.csv
Total;ES00937;64423.031520163495;Profile-Iberia.csv
Total;ES00938;293813.94350362447;Profile-Iberia.csv
Total;ES00939;124740.28982080148;Profile-Iberia.csv
Total;ES00940;1382.2017475543985;Profile-Iberia.csv
Total;ES00941;37754.84571689148;Profile-Iberia.csv
Total;ES00942;11926.224485482953;Profile-Iberia.csv
Total;ES00943;68249.27477765449;Profile-Iberia.csv
Total;ES00944;80987.0254677595;Profile-Iberia.csv
Total;ES00945;108746.1034869085;Profile-Iberia.csv
Total;ES00946;162195.9333738205;Profile-Iberia.csv
Total;ES00947;10629.329704248219;Profile-Iberia.csv
Total;ES00948;107941.37318381449;Profile-Iberia.csv
Total;ES00949;179445.2519342845;Profile-Iberia.csv
Total;ES00950;7090.868154533846;Profile-Iberia.csv
Total;ES00951;264616.73603150446;Profile-Iberia.csv
Total;ES00952;35352.54962732548;Profile-Iberia.csv
Total;ES00953;64735.728030774495;Profile-Iberia.csv
Total;ES00954;262.5073231438191;Profile-Iberia.csv
Total;ES00955;2141.7497819231853;Profile-Iberia.csv
Total;ES00956;1.9322359194882216e6;Profile-Iberia.csv
Total;ES00957;772.0443749110831;Profile-Iberia.csv
Total;ES00958;281263.3074775135;Profile-Iberia.csv
Total;ES00959;281263.3074775135;Profile-Iberia.csv
Total;ES00960;139169.6211224415;Profile-Iberia.csv
Total;ES00961;612.9544878694819;Profile-Iberia.csv
Total;ES00962;5593.756350137599;Profile-Iberia.csv
Total;ES00963;605.8775651870692;Profile-Iberia.csv
Total;ES00964;18797.124027033053;Profile-Iberia.csv
Total;ES00965;1483.3875164449855;Profile-Iberia.csv
Total;ES00966;63275.41016410249;Profile-Iberia.csv
Total;ES00967;1782.5496800152368;Profile-Iberia.csv
Total;ES00968;39336.39924605349;Profile-Iberia.csv
Total;ES00969;20985.42864198398;Profile-Iberia.csv
Total;ES00970;229941.0490940345;Profile-Iberia.csv
Total;ES00971;4542.551298475297;Profile-Iberia.csv
Total;ES00972;106508.27615456948;Profile-Iberia.csv
Total;ES00973;478652.57949427445;Profile-Iberia.csv
Total;ES00974;2782.1329116840616;Profile-Iberia.csv
Total;ES00975;3991.7895548417127;Profile-Iberia.csv
Total;ES00976;40710.70841631748;Profile-Iberia.csv
Total;ES00977;48473.90825327149;Profile-Iberia.csv
Total;ES00978;17509.709693957673;Profile-Iberia.csv
Total;ES00979;6982.985208412413;Profile-Iberia.csv
Total;ES00980;3160.193408966742;Profile-Iberia.csv
Total;ES00981;1.0;exp_load_ES00981.csv
Total;ES00982;1741.245781118901;Profile-Iberia.csv
Total;ES00983;3768.3785031055168;Profile-Iberia.csv
Total;ES00984;3768.3785031055168;Profile-Iberia.csv
Total;ES00985;3706.4649297865762;Profile-Iberia.csv
Total;ES00986;3706.4649297865762;Profile-Iberia.csv
Total;ES00987;3820.4942788847284;Profile-Iberia.csv
Total;ES00988;3820.4942788847284;Profile-Iberia.csv
Total;ES00989;6434.15550121218;Profile-Iberia.csv
Total;ES00991;5603.094595734837;Profile-Iberia.csv
Total;ES00994;45844.23810990349;Profile-Iberia.csv
Total;ES00995;40776.81616435448;Profile-Iberia.csv
Total;ES00996;171.10824873445958;Profile-Iberia.csv
Total;ES00997;12101.70577087615;Profile-Iberia.csv
Total;ES00998;6337.890211684038;Profile-Iberia.csv
Total;ES00999;184.0586372371876;Profile-Iberia.csv
Total;ES01000;925.6852665801564;Profile-Iberia.csv
Total;ES01001;2101.9901985722427;Profile-Iberia.csv
Total;ES01002;18829.10417164011;Profile-Iberia.csv
Total;ES01003;53811.022361227486;Profile-Iberia.csv
Total;ES01004;3882.2877515145233;Profile-Iberia.csv
Total;ES01005;952667.0925867325;Profile-Iberia.csv
Total;ES01006;893880.3773383974;Profile-Iberia.csv
Total;ES01007;5110.162167956729;Profile-Iberia.csv
Total;ES01008;7647.367208171753;Profile-Iberia.csv
Total;ES01009;6823.388907223664;Profile-Iberia.csv
Total;ES01010;14671.174943793932;Profile-Iberia.csv
Total;ES01011;7885.722872397042;Profile-Iberia.csv
Total;ES01012;7885.722872397042;Profile-Iberia.csv
Total;ES01013;21890.83103999905;Profile-Iberia.csv
Total;ES01014;2513.414291984516;Profile-Iberia.csv
Total;ES01015;19441.199001944147;Profile-Iberia.csv
Total;ES01016;17655.70709419854;Profile-Iberia.csv
Total;ES01017;1420.8711460907746;Profile-Iberia.csv
Total;ES01018;10872.418503271376;Profile-Iberia.csv
Total;ES01019;12726.688906368261;Profile-Iberia.csv
Total;ES01020;1692.439238043521;Profile-Iberia.csv
Total;ES01021;1692.439238043521;Profile-Iberia.csv
Total;ES01022;1763.7320288093847;Profile-Iberia.csv
Total;ES01023;14277.016158478693;Profile-Iberia.csv
Total;ES01024;123370.55558119749;Profile-Iberia.csv
Total;ES01025;105904.38530744948;Profile-Iberia.csv
Total;ES01026;4349.3443190100115;Profile-Iberia.csv
Total;ES01027;72027.02377014948;Profile-Iberia.csv
Total;ES01028;159107.8551783205;Profile-Iberia.csv
Total;ES01029;2.607720323336924e6;Profile-Iberia.csv
Total;ES01030;78817.59334878749;Profile-Iberia.csv
Total;ES01031;93776.70162085549;Profile-Iberia.csv
Total;ES01032;599320.0355963025;Profile-Iberia.csv
Total;ES01033;57970.32057076649;Profile-Iberia.csv
Total;ES01034;157616.4277831605;Profile-Iberia.csv
Total;ES01035;64480.218153413494;Profile-Iberia.csv
Total;ES01036;850894.1001105044;Profile-Iberia.csv
Total;ES01037;1793.6577427122263;Profile-Iberia.csv
Total;ES01038;26282.063354276488;Profile-Iberia.csv
Total;ES01039;16882.70069336882;Profile-Iberia.csv
Total;ES01040;7614.6147494030665;Profile-Iberia.csv
Total;ES01041;2151.9172643966854;Profile-Iberia.csv
Total;ES01042;44268.40324406648;Profile-Iberia.csv
Total;ES01043;1622.653335611765;Profile-Iberia.csv
Total;ES01044;25254.07643497449;Profile-Iberia.csv
Total;ES01045;104.91784113631772;Profile-Iberia.csv
Total;ES01046;123.38052677996839;Profile-Iberia.csv
Total;ES01047;274478.2278156675;Profile-Iberia.csv
Total;ES01048;136502.89404072746;Profile-Iberia.csv
Total;ES01049;897.3672546975328;Profile-Iberia.csv
Total;ES01050;9195.707794715929;Profile-Iberia.csv
Total;ES01051;23286.856251174486;Profile-Iberia.csv
Total;ES01052;2555.602369652233;Profile-Iberia.csv
Total;ES01053;1423.903896999805;Profile-Iberia.csv
Total;ES01054;1896.4307798252255;Profile-Iberia.csv
Total;ES01055;205224.0712172525;Profile-Iberia.csv
Total;ES01056;28314.705046514482;Profile-Iberia.csv
Total;ES01057;8456.064364491378;Profile-Iberia.csv
Total;ES01058;36364.98178238348;Profile-Iberia.csv
Total;ES01059;17829.656261772587;Profile-Iberia.csv
Total;ES01060;32473.317016454486;Profile-Iberia.csv
Total;ES01061;557.4247561726842;Profile-Iberia.csv
Total;ES01062;22300.28431446298;Profile-Iberia.csv
Total;ES01063;591.9650679953073;Profile-Iberia.csv
Total;ES01064;236541.75905028248;Profile-Iberia.csv
Total;ES01065;5979.733276004891;Profile-Iberia.csv
Total;ES01066;18513.09256946237;Profile-Iberia.csv
Total;ES01067;29995.992064064485;Profile-Iberia.csv
Total;ES01068;279.9001600325181;Profile-Iberia.csv
Total;ES01069;279.9001600325181;Profile-Iberia.csv
Total;ES01070;3.210675531214948e6;Profile-Iberia.csv
Total;ES01071;2027.6633015944328;Profile-Iberia.csv
Total;ES01073;890.1177394015108;Profile-Iberia.csv
Total;ES01074;22080.766943757295;Profile-Iberia.csv
Total;ES01075;2806.909308539847;Profile-Iberia.csv
Total;ES01076;4529.473250863317;Profile-Iberia.csv
Total;ES01077;324814.1311488505;Profile-Iberia.csv
Total;ES01078;177662.4014560825;Profile-Iberia.csv
Total;ES01079;3079.2730675581743;Profile-Iberia.csv
Total;ES01080;596080.5271959564;Profile-Iberia.csv
Total;ES01081;42101.258590424484;Profile-Iberia.csv
Total;ES01082;42101.258590424484;Profile-Iberia.csv
Total;ES01083;884.7051808266004;Profile-Iberia.csv
Total;ES01084;23410.379378994487;Profile-Iberia.csv
Total;ES01085;3455.528926881579;Profile-Iberia.csv
Total;ES01086;239676.50153851448;Profile-Iberia.csv
Total;ES01088;2.4221326250026003e6;Profile-Iberia.csv
Total;ES01089;652992.8933528895;Profile-Iberia.csv
Total;ES01090;12554.703051448696;Profile-Iberia.csv
Total;ES01091;1090.344249683431;Profile-Iberia.csv
Total;ES01092;1.0;exp_load_ES01092.csv
Total;ES01093;3161.980323734042;Profile-Iberia.csv
Total;ES01094;8184.349899823736;Profile-Iberia.csv
Total;ES01095;47795.446036393485;Profile-Iberia.csv
Total;ES01096;49283.44223355848;Profile-Iberia.csv
Total;ES01097;3.455126232019447e6;Profile-Iberia.csv
Total;ES01100;15176.251719729178;Profile-Iberia.csv
Total;ES01101;187.7435755473587;Profile-Iberia.csv
Total;ES01102;635.451838618466;Profile-Iberia.csv
Total;ES01103;1.6694722608192584e6;Profile-Iberia.csv
Total;ES01104;748734.0685004405;Profile-Iberia.csv
Total;ES01105;1.0562108119749133e6;Profile-Iberia.csv
Total;ES01106;1.2088584058695394e6;Profile-Iberia.csv
Total;ES01107;1.5323522103312055e6;Profile-Iberia.csv
Total;ES01108;3399.4289775465227;Profile-Iberia.csv
Total;ES01109;17053.065188984936;Profile-Iberia.csv
Total;ES01110;383038.3586725385;Profile-Iberia.csv
Total;ES01111;7036.648531613203;Profile-Iberia.csv
Total;ES01112;80742.72417051549;Profile-Iberia.csv
Total;ES01113;2.720840867184196e6;Profile-Iberia.csv
Total;ES01114;321842.71368518047;Profile-Iberia.csv
Total;ES01115;47082.21434649949;Profile-Iberia.csv
Total;ES01116;3983.538470690996;Profile-Iberia.csv
Total;ES01117;7722.401781779695;Profile-Iberia.csv
Total;ES01118;370.41959072256;Profile-Iberia.csv
Total;ES01119;3417.832740092739;Profile-Iberia.csv
Total;ES01120;4.1573943538435493e6;Profile-Iberia.csv
Total;ES01121;4.368861669570981e6;Profile-Iberia.csv
Total;ES01122;4.368861669570981e6;Profile-Iberia.csv
Total;ES01123;37884.77374763548;Profile-Iberia.csv
Total;ES01124;672194.1060794424;Profile-Iberia.csv
Total;ES01125;12934.639913491117;Profile-Iberia.csv
Total;ES01126;1.0;exp_load_ES01126.csv
Total;ES01127;84987.80232992949;Profile-Iberia.csv
Total;ES01128;4519.903978245986;Profile-Iberia.csv
Total;ES01129;867.6922197070583;Profile-Iberia.csv
Total;ES01130;929.5936474267929;Profile-Iberia.csv
Total;ES01131;3218.5489993697856;Profile-Iberia.csv
Total;ES01132;1886.5572938303596;Profile-Iberia.csv
Total;ES01133;459.06859913488034;Profile-Iberia.csv
Total;ES01134;1486.027125254396;Profile-Iberia.csv
Total;ES01135;5709.657268308246;Profile-Iberia.csv
Total;ES01136;165.26321821185581;Profile-Iberia.csv
Total;ES01137;2492.998842895137;Profile-Iberia.csv
Total;ES01140;7631.367961506111;Profile-Iberia.csv
Total;ES01141;1059.7038741277386;Profile-Iberia.csv
Total;ES01142;497.06321320034897;Profile-Iberia.csv
Total;ES01143;18985.256752382073;Profile-Iberia.csv
Total;ES01144;70046.99378050149;Profile-Iberia.csv
Total;ES01145;19168.638828250856;Profile-Iberia.csv
Total;ES01146;1142.2201368465653;Profile-Iberia.csv
Total;ES01147;6237.3229821933555;Profile-Iberia.csv
Total;ES01148;589.3505844168722;Profile-Iberia.csv
Total;ES01149;12187.215793481662;Profile-Iberia.csv
Total;ES01150;2490.4971622209146;Profile-Iberia.csv
Total;ES01151;2490.4971622209146;Profile-Iberia.csv
Total;ES01152;69973.33739687549;Profile-Iberia.csv
Total;ES01153;38412.03450620048;Profile-Iberia.csv
Total;ES01154;668.4937066866888;Profile-Iberia.csv
Total;ES01155;2819.057826859805;Profile-Iberia.csv
Total;ES01156;528701.1771820094;Profile-Iberia.csv
Total;ES01157;1040.7916644799989;Profile-Iberia.csv
Total;ES01158;247.7589428788058;Profile-Iberia.csv
Total;ES01159;10165.173067976022;Profile-Iberia.csv
Total;ES01160;20866.797518200638;Profile-Iberia.csv
Total;ES01161;544.6920501690299;Profile-Iberia.csv
Total;ES01162;146896.6790071815;Profile-Iberia.csv
Total;ES01163;594.8849638730894;Profile-Iberia.csv
Total;ES01164;3763.5828158653862;Profile-Iberia.csv
Total;ES01165;12287.038648909422;Profile-Iberia.csv
Total;ES01166;78715.80114160248;Profile-Iberia.csv
Total;ES01167;352375.11467042146;Profile-Iberia.csv
Total;ES01168;15952.649296962096;Profile-Iberia.csv
Total;ES01169;255468.70468376848;Profile-Iberia.csv
Total;ES01170;293.29993570586765;Profile-Iberia.csv
Total;ES01171;548578.7934066434;Profile-Iberia.csv
Total;ES01172;664.114514457956;Profile-Iberia.csv
Total;ES01173;1069.6595123301104;Profile-Iberia.csv
Total;ES01174;195307.9090117025;Profile-Iberia.csv
Total;ES01175;66241.33771098049;Profile-Iberia.csv
Total;ES01176;519.4299335990748;Profile-Iberia.csv
Total;ES01177;989943.8563509454;Profile-Iberia.csv
Total;ES01178;14794.16472173806;Profile-Iberia.csv
Total;ES01179;271.363393665285;Profile-Iberia.csv
Total;ES01180;29654.244743762487;Profile-Iberia.csv
Total;ES01181;7334.863546953527;Profile-Iberia.csv
Total;ES01182;12034.556141123554;Profile-Iberia.csv
Total;ES01183;96106.02756639448;Profile-Iberia.csv
Total;ES01184;374.0244097795998;Profile-Iberia.csv
Total;ES01185;15386.930013334686;Profile-Iberia.csv
Total;ES01186;379810.9738384415;Profile-Iberia.csv
Total;ES01187;786911.6361116074;Profile-Iberia.csv
Total;ES01188;340.3295984682259;Profile-Iberia.csv
Total;ES01189;267.1425373060293;Profile-Iberia.csv
Total;ES01190;364.49201703968737;Profile-Iberia.csv
Total;ES01191;495.5356304332615;Profile-Iberia.csv
Total;ES01192;892.2747561188654;Profile-Iberia.csv
Total;ES01193;904729.3679055213;Profile-Iberia.csv
Total;ES01194;193013.12379264648;Profile-Iberia.csv
Total;ES01195;1.8311077634885204e6;Profile-Iberia.csv
Total;ES01196;1641.8275357385137;Profile-Iberia.csv
Total;ES01197;472.0080409602125;Profile-Iberia.csv
Total;ES01198;323.7523411725606;Profile-Iberia.csv
Total;ES01199;323.31291026566583;Profile-Iberia.csv
Total;ES01200;385.63570687459173;Profile-Iberia.csv
Total;ES01201;214.93789796352868;Profile-Iberia.csv
Total;ES01202;138272.7059665485;Profile-Iberia.csv
Total;ES01203;6682.956172246474;Profile-Iberia.csv
Total;ES01204;15286.38071554412;Profile-Iberia.csv
Total;ES01205;338880.2129560865;Profile-Iberia.csv
Total;ES01206;6224.63359375597;Profile-Iberia.csv
Total;ES01207;4756.037362705825;Profile-Iberia.csv
Total;ES01208;4122.660106478358;Profile-Iberia.csv
Total;ES01209;607.2011748653455;Profile-Iberia.csv
Total;ES01210;394.1804747417309;Profile-Iberia.csv
Total;ES01211;344.6126423804978;Profile-Iberia.csv
Total;ES01212;799.4026759482928;Profile-Iberia.csv
Total;ES01213;59524.19576943549;Profile-Iberia.csv
Total;ES01214;7838.9411518777015;Profile-Iberia.csv
Total;ES01215;1504.5274270698362;Profile-Iberia.csv
Total;ES01216;1504.5274270698362;Profile-Iberia.csv
Total;ES01217;192.22092298340868;Profile-Iberia.csv
Total;ES01218;4212.938710265689;Profile-Iberia.csv
Total;ES01219;162.4790741655423;Profile-Iberia.csv
Total;ES01220;472.9081184773358;Profile-Iberia.csv
Total;ES01221;614.0782946217643;Profile-Iberia.csv
Total;ES01222;236541.75905028248;Profile-Iberia.csv
Total;ES01223;2865.2815795941624;Profile-Iberia.csv
Total;ES01225;523.6277237452464;Profile-Iberia.csv
Total;ES01226;1429.6731087496833;Profile-Iberia.csv
Total;ES01227;429.6357463500323;Profile-Iberia.csv
Total;ES01228;5738.127803895919;Profile-Iberia.csv
Total;ES01229;391.2828631715047;Profile-Iberia.csv
Total;ES01230;794.8157574842127;Profile-Iberia.csv
Total;ES01231;3040.024329152377;Profile-Iberia.csv
Total;ES01232;7058.076496234674;Profile-Iberia.csv
Total;ES01233;1.2011862471527194e6;Profile-Iberia.csv
Total;ES01234;1.6139024080645025e6;Profile-Iberia.csv
Total;ES01235;196978.2161956685;Profile-Iberia.csv
Total;ES01236;315.3931194872828;Profile-Iberia.csv
Total;ES01237;405.0569891482782;Profile-Iberia.csv
Total;ES01238;328.97846740601125;Profile-Iberia.csv
Total;ES01239;210.22829852206127;Profile-Iberia.csv
Total;ES01240;2.4847340542925783e6;Profile-Iberia.csv
Total;ES01243;48899.14805811849;Profile-Iberia.csv
Total;ES01244;885.9051451773373;Profile-Iberia.csv
Total;ES01245;300.48867087882434;Profile-Iberia.csv
Total;ES01246;2680.442657346626;Profile-Iberia.csv
Total;ES01247;3099.203943728159;Profile-Iberia.csv
Total;ES01248;4071.5660205894374;Profile-Iberia.csv
Total;ES01249;3245.2417945483576;Profile-Iberia.csv
Total;ES01250;32509.001475602483;Profile-Iberia.csv
Total;ES01251;6732.2170545608205;Profile-Iberia.csv
Total;ES01252;2956.063522033567;Profile-Iberia.csv
Total;ES01253;26961.669303819486;Profile-Iberia.csv
Total;ES01254;2.9555092867907775e6;Profile-Iberia.csv
Total;ES01255;678.2751363373594;Profile-Iberia.csv
Total;ES01256;1.4889718028269536e6;Profile-Iberia.csv
Total;ES01257;5689.2789336679425;Profile-Iberia.csv
Total;ES01258;30006.51440458248;Profile-Iberia.csv
Total;ES01259;1773.0052198666713;Profile-Iberia.csv
